#
# There is insufficient memory for the Java Runtime Environment to continue.
# Native memory allocation (malloc) failed to allocate 1339904 bytes. Error detail: Chunk::new
# Possible reasons:
#   The system is out of physical RAM or swap space
#   This process is running with CompressedOops enabled, and the Java Heap may be blocking the growth of the native heap
# Possible solutions:
#   Reduce memory load on the system
#   Increase physical memory or swap space
#   Check if swap backing store is full
#   Decrease Java heap size (-Xmx/-Xms)
#   Decrease number of Java threads
#   Decrease Java thread stack sizes (-Xss)
#   Set larger code cache with -XX:ReservedCodeCacheSize=
#   JVM is running with Unscaled Compressed Oops mode in which the Java heap is
#     placed in the first 4GB address space. The Java Heap base address is the
#     maximum limit for the native heap growth. Please use -XX:HeapBaseMinAddress
#     to set the Java Heap base and to place the Java Heap above 4GB virtual address.
# This output file may be truncated or incomplete.
#
#  Out of Memory Error (arena.cpp:168), pid=924, tid=23284
#
# JRE version: OpenJDK Runtime Environment (21.0.3) (build 21.0.3+-12282718-b509.11)
# Java VM: OpenJDK 64-Bit Server VM (21.0.3+-12282718-b509.11, mixed mode, tiered, compressed oops, compressed class ptrs, g1 gc, windows-amd64)
# No core dump will be written. Minidumps are not enabled by default on client versions of Windows
#

---------------  S U M M A R Y ------------

Command Line: --add-opens=java.base/java.lang=ALL-UNNAMED --add-opens=java.base/java.lang.invoke=ALL-UNNAMED --add-opens=java.base/java.util=ALL-UNNAMED --add-opens=java.prefs/java.util.prefs=ALL-UNNAMED --add-exports=jdk.compiler/com.sun.tools.javac.api=ALL-UNNAMED --add-exports=jdk.compiler/com.sun.tools.javac.util=ALL-UNNAMED --add-opens=java.base/java.util=ALL-UNNAMED --add-opens=java.prefs/java.util.prefs=ALL-UNNAMED --add-opens=java.base/java.nio.charset=ALL-UNNAMED --add-opens=java.base/java.net=ALL-UNNAMED --add-opens=java.base/java.util.concurrent=ALL-UNNAMED --add-opens=java.base/java.util.concurrent.atomic=ALL-UNNAMED --add-opens=java.xml/javax.xml.namespace=ALL-UNNAMED --add-opens=java.base/java.time=ALL-UNNAMED -Xmx1024m -Dfile.encoding=UTF-8 -Duser.country=IN -Duser.language=en -Duser.variant -javaagent:C:\Users\vinay\.gradle\wrapper\dists\gradle-9.1.0-bin\9agqghryom9wkf8r80qlhnts3\gradle-9.1.0\lib\agents\gradle-instrumentation-agent-9.1.0.jar org.gradle.launcher.daemon.bootstrap.GradleDaemon 9.1.0

Host: 12th Gen Intel(R) Core(TM) i5-12450H, 12 cores, 15G,  Windows 11 , 64 bit Build 26100 (10.0.26100.8246)
Time: Mon Apr 20 22:15:36 2026 India Standard Time elapsed time: 19.687100 seconds (0d 0h 0m 19s)

---------------  T H R E A D  ---------------

Current thread (0x0000017f117f6720):  JavaThread "C2 CompilerThread1" daemon [_thread_in_native, id=23284, stack(0x0000007e3e800000,0x0000007e3e900000) (1024K)]


Current CompileTask:
C2:  19687 12507       4       sun.security.ec.ECOperations::setDouble (463 bytes)

Stack: [0x0000007e3e800000,0x0000007e3e900000]
Native frames: (J=compiled Java code, j=interpreted, Vv=VM code, C=native code)
V  [jvm.dll+0x6cafb9]
V  [jvm.dll+0x858523]
V  [jvm.dll+0x85aa7e]
V  [jvm.dll+0x85b163]
V  [jvm.dll+0x27d356]
V  [jvm.dll+0xbf93d]
V  [jvm.dll+0xbfe73]
V  [jvm.dll+0x3b1ceb]
V  [jvm.dll+0x37e787]
V  [jvm.dll+0x37dbfa]
V  [jvm.dll+0x246b02]
V  [jvm.dll+0x2460d1]
V  [jvm.dll+0x1c5804]
V  [jvm.dll+0x25575c]
V  [jvm.dll+0x253c36]
V  [jvm.dll+0x3ec996]
V  [jvm.dll+0x800d78]
V  [jvm.dll+0x6c98cd]
C  [ucrtbase.dll+0x37b0]
C  [KERNEL32.DLL+0x2e8d7]
C  [ntdll.dll+0x8c3fc]


---------------  P R O C E S S  ---------------

Threads class SMR info:
_java_thread_list=0x0000017f12de8fc0, length=117, elements={
0x0000017f6f3b5db0, 0x0000017f7d0bdbe0, 0x0000017f7d0be640, 0x0000017f7d0c0780,
0x0000017f7d0cbca0, 0x0000017f7d0cc310, 0x0000017f7d0ccd70, 0x0000017f7d0cdb00,
0x0000017f7d14c420, 0x0000017f7d16a060, 0x0000017f7d422cb0, 0x0000017f7ebf13e0,
0x0000017f7e291c70, 0x0000017f7ef404c0, 0x0000017f7f18e070, 0x0000017f7f18e6e0,
0x0000017f7efa55a0, 0x0000017f7f12b130, 0x0000017f7eecd2b0, 0x0000017f7eecb870,
0x0000017f7eeccc20, 0x0000017f7eece660, 0x0000017f7eecdfd0, 0x0000017f7eecbf00,
0x0000017f112c77c0, 0x0000017f112c4340, 0x0000017f112c6410, 0x0000017f112c56f0,
0x0000017f112c6aa0, 0x0000017f112c7130, 0x0000017f112c49d0, 0x0000017f112c5d80,
0x0000017f112c5060, 0x0000017f7f7b11f0, 0x0000017f7f7b2c30, 0x0000017f7f7b1880,
0x0000017f7f7b32c0, 0x0000017f7f7b4670, 0x0000017f7f7b3950, 0x0000017f7f7b1f10,
0x0000017f7f7b25a0, 0x0000017f7f7b3fe0, 0x0000017f11292580, 0x0000017f11290b40,
0x0000017f11291ef0, 0x0000017f1128f100, 0x0000017f11292c10, 0x0000017f112911d0,
0x0000017f1128f790, 0x0000017f112932a0, 0x0000017f1128fe20, 0x0000017f11293930,
0x0000017f112904b0, 0x0000017f11293fc0, 0x0000017f11295370, 0x0000017f11294650,
0x0000017f11294ce0, 0x0000017f11295a00, 0x0000017f11296090, 0x0000017f11296720,
0x0000017f10f24c00, 0x0000017f10f25290, 0x0000017f10f24570, 0x0000017f10f25920,
0x0000017f10f23ee0, 0x0000017f10f231c0, 0x0000017f10f22b30, 0x0000017f10f26640,
0x0000017f10f26cd0, 0x0000017f10f23850, 0x0000017f10f29ac0, 0x0000017f10f27360,
0x0000017f10f279f0, 0x0000017f10f28710, 0x0000017f10f28080, 0x0000017f10f2a150,
0x0000017f10f28da0, 0x0000017f10f29430, 0x0000017f11c4f410, 0x0000017f11c4e060,
0x0000017f11c50e50, 0x0000017f11c4faa0, 0x0000017f11c4ed80, 0x0000017f11c50130,
0x0000017f11c507c0, 0x0000017f11c514e0, 0x0000017f11c51b70, 0x0000017f11c4e6f0,
0x0000017f11c54ff0, 0x0000017f11c535b0, 0x0000017f11c52890, 0x0000017f11c55680,
0x0000017f11c54960, 0x0000017f11c52f20, 0x0000017f11c52200, 0x0000017f11c53c40,
0x0000017f11c542d0, 0x0000017f10a91090, 0x0000017f10a94ba0, 0x0000017f10a91720,
0x0000017f10a95230, 0x0000017f10a91db0, 0x0000017f10a958c0, 0x0000017f10a95f50,
0x0000017f10a965e0, 0x0000017f10a93160, 0x0000017f10a98020, 0x0000017f10a97300,
0x0000017f10a96c70, 0x0000017f10a97990, 0x0000017f10a986b0, 0x0000017f12fc32f0,
0x0000017f12fc1220, 0x0000017f12fc18b0, 0x0000017f12fc1f40, 0x0000017f117f6720,
0x0000017f0f3657e0
}

Java Threads: ( => current thread )
  0x0000017f6f3b5db0 JavaThread "main"                              [_thread_blocked, id=15840, stack(0x0000007e36400000,0x0000007e36500000) (1024K)]
  0x0000017f7d0bdbe0 JavaThread "Reference Handler"          daemon [_thread_blocked, id=8276, stack(0x0000007e36c00000,0x0000007e36d00000) (1024K)]
  0x0000017f7d0be640 JavaThread "Finalizer"                  daemon [_thread_blocked, id=18844, stack(0x0000007e36d00000,0x0000007e36e00000) (1024K)]
  0x0000017f7d0c0780 JavaThread "Signal Dispatcher"          daemon [_thread_blocked, id=18064, stack(0x0000007e36e00000,0x0000007e36f00000) (1024K)]
  0x0000017f7d0cbca0 JavaThread "Attach Listener"            daemon [_thread_blocked, id=11628, stack(0x0000007e36f00000,0x0000007e37000000) (1024K)]
  0x0000017f7d0cc310 JavaThread "Service Thread"             daemon [_thread_blocked, id=9824, stack(0x0000007e37000000,0x0000007e37100000) (1024K)]
  0x0000017f7d0ccd70 JavaThread "Monitor Deflation Thread"   daemon [_thread_blocked, id=20660, stack(0x0000007e37100000,0x0000007e37200000) (1024K)]
  0x0000017f7d0cdb00 JavaThread "C2 CompilerThread0"         daemon [_thread_blocked, id=11616, stack(0x0000007e37200000,0x0000007e37300000) (1024K)]
  0x0000017f7d14c420 JavaThread "C1 CompilerThread0"         daemon [_thread_blocked, id=11700, stack(0x0000007e37300000,0x0000007e37400000) (1024K)]
  0x0000017f7d16a060 JavaThread "Common-Cleaner"             daemon [_thread_blocked, id=13752, stack(0x0000007e37400000,0x0000007e37500000) (1024K)]
  0x0000017f7d422cb0 JavaThread "Notification Thread"        daemon [_thread_blocked, id=19788, stack(0x0000007e37500000,0x0000007e37600000) (1024K)]
  0x0000017f7ebf13e0 JavaThread "Daemon health stats"               [_thread_blocked, id=12452, stack(0x0000007e37700000,0x0000007e37800000) (1024K)]
  0x0000017f7e291c70 JavaThread "Incoming local TCP Connector on port 64556"        [_thread_in_native, id=2216, stack(0x0000007e38000000,0x0000007e38100000) (1024K)]
  0x0000017f7ef404c0 JavaThread "Daemon periodic checks"            [_thread_blocked, id=22116, stack(0x0000007e38100000,0x0000007e38200000) (1024K)]
  0x0000017f7f18e070 JavaThread "Daemon"                            [_thread_blocked, id=15344, stack(0x0000007e38200000,0x0000007e38300000) (1024K)]
  0x0000017f7f18e6e0 JavaThread "Handler for socket connection from /127.0.0.1:64556 to /127.0.0.1:64557"        [_thread_in_native, id=16076, stack(0x0000007e38300000,0x0000007e38400000) (1024K)]
  0x0000017f7efa55a0 JavaThread "Cancel handler"                    [_thread_blocked, id=17856, stack(0x0000007e38400000,0x0000007e38500000) (1024K)]
  0x0000017f7f12b130 JavaThread "Daemon worker"                     [_thread_in_vm, id=15728, stack(0x0000007e38500000,0x0000007e38600000) (1024K)]
  0x0000017f7eecd2b0 JavaThread "Asynchronous log dispatcher for DefaultDaemonConnection: socket connection from /127.0.0.1:64556 to /127.0.0.1:64557"        [_thread_blocked, id=20992, stack(0x0000007e38600000,0x0000007e38700000) (1024K)]
  0x0000017f7eecb870 JavaThread "Stdin handler"                     [_thread_blocked, id=15116, stack(0x0000007e38700000,0x0000007e38800000) (1024K)]
  0x0000017f7eeccc20 JavaThread "Daemon client event forwarder"        [_thread_blocked, id=17760, stack(0x0000007e38b00000,0x0000007e38c00000) (1024K)]
  0x0000017f7eece660 JavaThread "Cache worker for journal cache (C:\Users\vinay\.gradle\caches\journal-1)"        [_thread_blocked, id=13180, stack(0x0000007e37600000,0x0000007e37700000) (1024K)]
  0x0000017f7eecdfd0 JavaThread "File lock request listener"        [_thread_in_native, id=8440, stack(0x0000007e38c00000,0x0000007e38d00000) (1024K)]
  0x0000017f7eecbf00 JavaThread "Cache worker for file hash cache (C:\Users\vinay\.gradle\caches\9.1.0\fileHashes)"        [_thread_blocked, id=10952, stack(0x0000007e38d00000,0x0000007e38e00000) (1024K)]
  0x0000017f112c77c0 JavaThread "Cache worker for file hash cache (C:\Users\vinay\Downloads\Madl_miniproject\Madl_miniproject\.gradle\9.1.0\fileHashes)"        [_thread_blocked, id=2380, stack(0x0000007e39000000,0x0000007e39100000) (1024K)]
  0x0000017f112c4340 JavaThread "Cache worker for Build Output Cleanup Cache (C:\Users\vinay\Downloads\Madl_miniproject\Madl_miniproject\.gradle\buildOutputCleanup)"        [_thread_blocked, id=18204, stack(0x0000007e39100000,0x0000007e39200000) (1024K)]
  0x0000017f112c6410 JavaThread "File watcher server"        daemon [_thread_in_native, id=22148, stack(0x0000007e39200000,0x0000007e39300000) (1024K)]
  0x0000017f112c56f0 JavaThread "File watcher consumer"      daemon [_thread_blocked, id=19716, stack(0x0000007e39300000,0x0000007e39400000) (1024K)]
  0x0000017f112c6aa0 JavaThread "jar transforms"                    [_thread_blocked, id=18208, stack(0x0000007e39400000,0x0000007e39500000) (1024K)]
  0x0000017f112c7130 JavaThread "jar transforms Thread 2"           [_thread_blocked, id=21404, stack(0x0000007e39500000,0x0000007e39600000) (1024K)]
  0x0000017f112c49d0 JavaThread "jar transforms Thread 3"           [_thread_blocked, id=18940, stack(0x0000007e39600000,0x0000007e39700000) (1024K)]
  0x0000017f112c5d80 JavaThread "jar transforms Thread 4"           [_thread_blocked, id=2352, stack(0x0000007e39700000,0x0000007e39800000) (1024K)]
  0x0000017f112c5060 JavaThread "jar transforms Thread 5"           [_thread_blocked, id=21764, stack(0x0000007e39800000,0x0000007e39900000) (1024K)]
  0x0000017f7f7b11f0 JavaThread "jar transforms Thread 6"           [_thread_blocked, id=21704, stack(0x0000007e39900000,0x0000007e39a00000) (1024K)]
  0x0000017f7f7b2c30 JavaThread "jar transforms Thread 7"           [_thread_blocked, id=10756, stack(0x0000007e39a00000,0x0000007e39b00000) (1024K)]
  0x0000017f7f7b1880 JavaThread "jar transforms Thread 8"           [_thread_blocked, id=13400, stack(0x0000007e39b00000,0x0000007e39c00000) (1024K)]
  0x0000017f7f7b32c0 JavaThread "jar transforms Thread 9"           [_thread_blocked, id=14616, stack(0x0000007e39c00000,0x0000007e39d00000) (1024K)]
  0x0000017f7f7b4670 JavaThread "jar transforms Thread 10"          [_thread_blocked, id=18316, stack(0x0000007e39d00000,0x0000007e39e00000) (1024K)]
  0x0000017f7f7b3950 JavaThread "jar transforms Thread 11"          [_thread_blocked, id=7476, stack(0x0000007e39e00000,0x0000007e39f00000) (1024K)]
  0x0000017f7f7b1f10 JavaThread "jar transforms Thread 12"          [_thread_blocked, id=10168, stack(0x0000007e39f00000,0x0000007e3a000000) (1024K)]
  0x0000017f7f7b25a0 JavaThread "Cache worker for checksums cache (C:\Users\vinay\Downloads\Madl_miniproject\Madl_miniproject\.gradle\9.1.0\checksums)"        [_thread_blocked, id=12936, stack(0x0000007e3a000000,0x0000007e3a100000) (1024K)]
  0x0000017f7f7b3fe0 JavaThread "Cache worker for file content cache (C:\Users\vinay\.gradle\caches\9.1.0\fileContent)"        [_thread_blocked, id=12356, stack(0x0000007e3a100000,0x0000007e3a200000) (1024K)]
  0x0000017f11292580 JavaThread "Cache worker for cache directory md-supplier (C:\Users\vinay\.gradle\caches\9.1.0\md-supplier)"        [_thread_blocked, id=21412, stack(0x0000007e3a200000,0x0000007e3a300000) (1024K)]
  0x0000017f11290b40 JavaThread "Cache worker for cache directory md-rule (C:\Users\vinay\.gradle\caches\9.1.0\md-rule)"        [_thread_blocked, id=10056, stack(0x0000007e3a300000,0x0000007e3a400000) (1024K)]
  0x0000017f11291ef0 JavaThread "Unconstrained build operations"        [_thread_blocked, id=17596, stack(0x0000007e3a400000,0x0000007e3a500000) (1024K)]
  0x0000017f1128f100 JavaThread "Unconstrained build operations Thread 2"        [_thread_blocked, id=15620, stack(0x0000007e3a500000,0x0000007e3a600000) (1024K)]
  0x0000017f11292c10 JavaThread "Unconstrained build operations Thread 3"        [_thread_blocked, id=13208, stack(0x0000007e3a600000,0x0000007e3a700000) (1024K)]
  0x0000017f112911d0 JavaThread "Unconstrained build operations Thread 4"        [_thread_blocked, id=18808, stack(0x0000007e3a700000,0x0000007e3a800000) (1024K)]
  0x0000017f1128f790 JavaThread "Unconstrained build operations Thread 5"        [_thread_blocked, id=14024, stack(0x0000007e3a800000,0x0000007e3a900000) (1024K)]
  0x0000017f112932a0 JavaThread "Unconstrained build operations Thread 6"        [_thread_blocked, id=8428, stack(0x0000007e3a900000,0x0000007e3aa00000) (1024K)]
  0x0000017f1128fe20 JavaThread "Unconstrained build operations Thread 7"        [_thread_blocked, id=2964, stack(0x0000007e3aa00000,0x0000007e3ab00000) (1024K)]
  0x0000017f11293930 JavaThread "Unconstrained build operations Thread 8"        [_thread_blocked, id=12216, stack(0x0000007e3ab00000,0x0000007e3ac00000) (1024K)]
  0x0000017f112904b0 JavaThread "Unconstrained build operations Thread 9"        [_thread_blocked, id=23388, stack(0x0000007e3ac00000,0x0000007e3ad00000) (1024K)]
  0x0000017f11293fc0 JavaThread "Unconstrained build operations Thread 10"        [_thread_blocked, id=13904, stack(0x0000007e3ad00000,0x0000007e3ae00000) (1024K)]
  0x0000017f11295370 JavaThread "Unconstrained build operations Thread 11"        [_thread_blocked, id=20596, stack(0x0000007e3ae00000,0x0000007e3af00000) (1024K)]
  0x0000017f11294650 JavaThread "Unconstrained build operations Thread 12"        [_thread_blocked, id=17692, stack(0x0000007e3af00000,0x0000007e3b000000) (1024K)]
  0x0000017f11294ce0 JavaThread "Unconstrained build operations Thread 13"        [_thread_blocked, id=1044, stack(0x0000007e3b000000,0x0000007e3b100000) (1024K)]
  0x0000017f11295a00 JavaThread "Unconstrained build operations Thread 14"        [_thread_blocked, id=11312, stack(0x0000007e3b100000,0x0000007e3b200000) (1024K)]
  0x0000017f11296090 JavaThread "Unconstrained build operations Thread 15"        [_thread_blocked, id=12184, stack(0x0000007e3b200000,0x0000007e3b300000) (1024K)]
  0x0000017f11296720 JavaThread "Unconstrained build operations Thread 16"        [_thread_blocked, id=12852, stack(0x0000007e3b300000,0x0000007e3b400000) (1024K)]
  0x0000017f10f24c00 JavaThread "Unconstrained build operations Thread 17"        [_thread_blocked, id=10124, stack(0x0000007e3b400000,0x0000007e3b500000) (1024K)]
  0x0000017f10f25290 JavaThread "Unconstrained build operations Thread 18"        [_thread_blocked, id=6760, stack(0x0000007e3b500000,0x0000007e3b600000) (1024K)]
  0x0000017f10f24570 JavaThread "Unconstrained build operations Thread 19"        [_thread_blocked, id=18024, stack(0x0000007e3b600000,0x0000007e3b700000) (1024K)]
  0x0000017f10f25920 JavaThread "Unconstrained build operations Thread 20"        [_thread_blocked, id=21508, stack(0x0000007e3b700000,0x0000007e3b800000) (1024K)]
  0x0000017f10f23ee0 JavaThread "Unconstrained build operations Thread 21"        [_thread_blocked, id=20616, stack(0x0000007e3b800000,0x0000007e3b900000) (1024K)]
  0x0000017f10f231c0 JavaThread "Unconstrained build operations Thread 22"        [_thread_blocked, id=1104, stack(0x0000007e38f00000,0x0000007e39000000) (1024K)]
  0x0000017f10f22b30 JavaThread "Unconstrained build operations Thread 23"        [_thread_blocked, id=13432, stack(0x0000007e3b900000,0x0000007e3ba00000) (1024K)]
  0x0000017f10f26640 JavaThread "Unconstrained build operations Thread 24"        [_thread_blocked, id=22132, stack(0x0000007e3ba00000,0x0000007e3bb00000) (1024K)]
  0x0000017f10f26cd0 JavaThread "Unconstrained build operations Thread 25"        [_thread_blocked, id=12384, stack(0x0000007e3bb00000,0x0000007e3bc00000) (1024K)]
  0x0000017f10f23850 JavaThread "Unconstrained build operations Thread 26"        [_thread_blocked, id=3420, stack(0x0000007e3bc00000,0x0000007e3bd00000) (1024K)]
  0x0000017f10f29ac0 JavaThread "Unconstrained build operations Thread 27"        [_thread_blocked, id=14624, stack(0x0000007e3bd00000,0x0000007e3be00000) (1024K)]
  0x0000017f10f27360 JavaThread "Unconstrained build operations Thread 28"        [_thread_blocked, id=19156, stack(0x0000007e3be00000,0x0000007e3bf00000) (1024K)]
  0x0000017f10f279f0 JavaThread "Unconstrained build operations Thread 29"        [_thread_blocked, id=9820, stack(0x0000007e3bf00000,0x0000007e3c000000) (1024K)]
  0x0000017f10f28710 JavaThread "Unconstrained build operations Thread 30"        [_thread_blocked, id=22096, stack(0x0000007e3c000000,0x0000007e3c100000) (1024K)]
  0x0000017f10f28080 JavaThread "Unconstrained build operations Thread 31"        [_thread_blocked, id=12496, stack(0x0000007e3c100000,0x0000007e3c200000) (1024K)]
  0x0000017f10f2a150 JavaThread "Unconstrained build operations Thread 32"        [_thread_blocked, id=18456, stack(0x0000007e3c200000,0x0000007e3c300000) (1024K)]
  0x0000017f10f28da0 JavaThread "Unconstrained build operations Thread 33"        [_thread_blocked, id=11524, stack(0x0000007e3c300000,0x0000007e3c400000) (1024K)]
  0x0000017f10f29430 JavaThread "Unconstrained build operations Thread 34"        [_thread_blocked, id=1972, stack(0x0000007e3c400000,0x0000007e3c500000) (1024K)]
  0x0000017f11c4f410 JavaThread "Unconstrained build operations Thread 35"        [_thread_blocked, id=228, stack(0x0000007e3c500000,0x0000007e3c600000) (1024K)]
  0x0000017f11c4e060 JavaThread "Unconstrained build operations Thread 36"        [_thread_blocked, id=11320, stack(0x0000007e3c600000,0x0000007e3c700000) (1024K)]
  0x0000017f11c50e50 JavaThread "Unconstrained build operations Thread 37"        [_thread_blocked, id=15700, stack(0x0000007e3c700000,0x0000007e3c800000) (1024K)]
  0x0000017f11c4faa0 JavaThread "Unconstrained build operations Thread 38"        [_thread_blocked, id=7004, stack(0x0000007e3c800000,0x0000007e3c900000) (1024K)]
  0x0000017f11c4ed80 JavaThread "Unconstrained build operations Thread 39"        [_thread_blocked, id=17956, stack(0x0000007e3c900000,0x0000007e3ca00000) (1024K)]
  0x0000017f11c50130 JavaThread "Unconstrained build operations Thread 40"        [_thread_blocked, id=13008, stack(0x0000007e3ca00000,0x0000007e3cb00000) (1024K)]
  0x0000017f11c507c0 JavaThread "Unconstrained build operations Thread 41"        [_thread_blocked, id=8472, stack(0x0000007e3cb00000,0x0000007e3cc00000) (1024K)]
  0x0000017f11c514e0 JavaThread "Unconstrained build operations Thread 42"        [_thread_blocked, id=3324, stack(0x0000007e3cc00000,0x0000007e3cd00000) (1024K)]
  0x0000017f11c51b70 JavaThread "Unconstrained build operations Thread 43"        [_thread_blocked, id=21668, stack(0x0000007e3cd00000,0x0000007e3ce00000) (1024K)]
  0x0000017f11c4e6f0 JavaThread "Unconstrained build operations Thread 44"        [_thread_blocked, id=17252, stack(0x0000007e3ce00000,0x0000007e3cf00000) (1024K)]
  0x0000017f11c54ff0 JavaThread "Unconstrained build operations Thread 45"        [_thread_blocked, id=21820, stack(0x0000007e3cf00000,0x0000007e3d000000) (1024K)]
  0x0000017f11c535b0 JavaThread "Unconstrained build operations Thread 46"        [_thread_blocked, id=23192, stack(0x0000007e3d000000,0x0000007e3d100000) (1024K)]
  0x0000017f11c52890 JavaThread "Unconstrained build operations Thread 47"        [_thread_blocked, id=22104, stack(0x0000007e3d100000,0x0000007e3d200000) (1024K)]
  0x0000017f11c55680 JavaThread "Unconstrained build operations Thread 48"        [_thread_blocked, id=22152, stack(0x0000007e3d200000,0x0000007e3d300000) (1024K)]
  0x0000017f11c54960 JavaThread "Unconstrained build operations Thread 49"        [_thread_blocked, id=9396, stack(0x0000007e3d300000,0x0000007e3d400000) (1024K)]
  0x0000017f11c52f20 JavaThread "Unconstrained build operations Thread 50"        [_thread_blocked, id=10044, stack(0x0000007e3d400000,0x0000007e3d500000) (1024K)]
  0x0000017f11c52200 JavaThread "Unconstrained build operations Thread 51"        [_thread_blocked, id=18220, stack(0x0000007e3d500000,0x0000007e3d600000) (1024K)]
  0x0000017f11c53c40 JavaThread "Unconstrained build operations Thread 52"        [_thread_blocked, id=11692, stack(0x0000007e3d600000,0x0000007e3d700000) (1024K)]
  0x0000017f11c542d0 JavaThread "Unconstrained build operations Thread 53"        [_thread_blocked, id=22628, stack(0x0000007e3d700000,0x0000007e3d800000) (1024K)]
  0x0000017f10a91090 JavaThread "Unconstrained build operations Thread 54"        [_thread_blocked, id=15772, stack(0x0000007e3d800000,0x0000007e3d900000) (1024K)]
  0x0000017f10a94ba0 JavaThread "Problems report writer"            [_thread_blocked, id=6428, stack(0x0000007e3d900000,0x0000007e3da00000) (1024K)]
  0x0000017f10a91720 JavaThread "Memory manager"                    [_thread_blocked, id=23336, stack(0x0000007e3da00000,0x0000007e3db00000) (1024K)]
  0x0000017f10a95230 JavaThread "pool-3-thread-1"                   [_thread_blocked, id=4532, stack(0x0000007e3dc00000,0x0000007e3dd00000) (1024K)]
  0x0000017f10a91db0 JavaThread "included builds"                   [_thread_blocked, id=9312, stack(0x0000007e38e00000,0x0000007e38f00000) (1024K)]
  0x0000017f10a958c0 JavaThread "Execution worker"                  [_thread_blocked, id=14324, stack(0x0000007e3db00000,0x0000007e3dc00000) (1024K)]
  0x0000017f10a95f50 JavaThread "Execution worker Thread 2"         [_thread_blocked, id=17192, stack(0x0000007e3dd00000,0x0000007e3de00000) (1024K)]
  0x0000017f10a965e0 JavaThread "Execution worker Thread 3"         [_thread_blocked, id=10096, stack(0x0000007e3de00000,0x0000007e3df00000) (1024K)]
  0x0000017f10a93160 JavaThread "Execution worker Thread 4"         [_thread_blocked, id=23184, stack(0x0000007e3df00000,0x0000007e3e000000) (1024K)]
  0x0000017f10a98020 JavaThread "Execution worker Thread 5"         [_thread_blocked, id=11004, stack(0x0000007e3e000000,0x0000007e3e100000) (1024K)]
  0x0000017f10a97300 JavaThread "Execution worker Thread 6"         [_thread_blocked, id=11368, stack(0x0000007e3e100000,0x0000007e3e200000) (1024K)]
  0x0000017f10a96c70 JavaThread "Execution worker Thread 7"         [_thread_blocked, id=16680, stack(0x0000007e3e200000,0x0000007e3e300000) (1024K)]
  0x0000017f10a97990 JavaThread "Execution worker Thread 8"         [_thread_blocked, id=2340, stack(0x0000007e3e300000,0x0000007e3e400000) (1024K)]
  0x0000017f10a986b0 JavaThread "Execution worker Thread 9"         [_thread_blocked, id=1964, stack(0x0000007e3e400000,0x0000007e3e500000) (1024K)]
  0x0000017f12fc32f0 JavaThread "Execution worker Thread 10"        [_thread_blocked, id=2392, stack(0x0000007e3e500000,0x0000007e3e600000) (1024K)]
  0x0000017f12fc1220 JavaThread "Execution worker Thread 11"        [_thread_blocked, id=5084, stack(0x0000007e3e600000,0x0000007e3e700000) (1024K)]
  0x0000017f12fc18b0 JavaThread "Cache worker for execution history cache (C:\Users\vinay\Downloads\Madl_miniproject\Madl_miniproject\.gradle\9.1.0\executionHistory)"        [_thread_blocked, id=20440, stack(0x0000007e3e700000,0x0000007e3e800000) (1024K)]
  0x0000017f12fc1f40 JavaThread "idea-tooling-model-converter"        [_thread_blocked, id=22392, stack(0x0000007e3e900000,0x0000007e3ea00000) (1024K)]
=>0x0000017f117f6720 JavaThread "C2 CompilerThread1"         daemon [_thread_in_native, id=23284, stack(0x0000007e3e800000,0x0000007e3e900000) (1024K)]
  0x0000017f0f3657e0 JavaThread "C2 CompilerThread2"         daemon [_thread_blocked, id=22576, stack(0x0000007e3ea00000,0x0000007e3eb00000) (1024K)]
Total: 117

Other Threads:
  0x0000017f7d011010 VMThread "VM Thread"                           [id=9552, stack(0x0000007e36b00000,0x0000007e36c00000) (1024K)] _threads_hazard_ptr=0x0000017f12de8fc0
  0x0000017f78d73f90 WatcherThread "VM Periodic Task Thread"        [id=2024, stack(0x0000007e36a00000,0x0000007e36b00000) (1024K)]
  0x0000017f6f9382e0 WorkerThread "GC Thread#0"                     [id=14688, stack(0x0000007e36500000,0x0000007e36600000) (1024K)]
  0x0000017f7d73f4c0 WorkerThread "GC Thread#1"                     [id=7200, stack(0x0000007e37800000,0x0000007e37900000) (1024K)]
  0x0000017f7d73f860 WorkerThread "GC Thread#2"                     [id=4892, stack(0x0000007e37900000,0x0000007e37a00000) (1024K)]
  0x0000017f7d73fc00 WorkerThread "GC Thread#3"                     [id=22072, stack(0x0000007e37a00000,0x0000007e37b00000) (1024K)]
  0x0000017f7d73ffa0 WorkerThread "GC Thread#4"                     [id=4408, stack(0x0000007e37b00000,0x0000007e37c00000) (1024K)]
  0x0000017f7d589d80 WorkerThread "GC Thread#5"                     [id=10408, stack(0x0000007e37c00000,0x0000007e37d00000) (1024K)]
  0x0000017f7efebc50 WorkerThread "GC Thread#6"                     [id=15612, stack(0x0000007e37d00000,0x0000007e37e00000) (1024K)]
  0x0000017f7effc450 WorkerThread "GC Thread#7"                     [id=19676, stack(0x0000007e37e00000,0x0000007e37f00000) (1024K)]
  0x0000017f7effd320 WorkerThread "GC Thread#8"                     [id=9852, stack(0x0000007e37f00000,0x0000007e38000000) (1024K)]
  0x0000017f7effde00 WorkerThread "GC Thread#9"                     [id=10980, stack(0x0000007e38800000,0x0000007e38900000) (1024K)]
  0x0000017f6f9411d0 ConcurrentGCThread "G1 Main Marker"            [id=22712, stack(0x0000007e36600000,0x0000007e36700000) (1024K)]
  0x0000017f6f47bb50 WorkerThread "G1 Conc#0"                       [id=16160, stack(0x0000007e36700000,0x0000007e36800000) (1024K)]
  0x0000017f7effe1a0 WorkerThread "G1 Conc#1"                       [id=9324, stack(0x0000007e38900000,0x0000007e38a00000) (1024K)]
  0x0000017f7effc840 WorkerThread "G1 Conc#2"                       [id=13572, stack(0x0000007e38a00000,0x0000007e38b00000) (1024K)]
  0x0000017f78c4a5c0 ConcurrentGCThread "G1 Refine#0"               [id=3172, stack(0x0000007e36800000,0x0000007e36900000) (1024K)]
  0x0000017f78c4ade0 ConcurrentGCThread "G1 Service"                [id=18652, stack(0x0000007e36900000,0x0000007e36a00000) (1024K)]
Total: 18

Threads with active compile tasks:
C2 CompilerThread1    19723 12507       4       sun.security.ec.ECOperations::setDouble (463 bytes)
Total: 1

VM state: synchronizing (normal execution)

VM Mutex/Monitor currently owned by a thread:  ([mutex/lock_event])
[0x00007fff8679fec8] Metaspace_lock - owner thread: 0x0000017f7f12b130
[0x00007fff867a20c8] Threads_lock - owner thread: 0x0000017f7d011010

Heap address: 0x00000000c0000000, size: 1024 MB, Compressed Oops mode: 32-bit

CDS archive(s) not mapped
Compressed class space mapped at: 0x0000000100000000-0x0000000140000000, reserved size: 1073741824
Narrow klass base: 0x0000000000000000, Narrow klass shift: 3, Narrow klass range: 0x140000000

GC Precious Log:
 CardTable entry size: 512
 Card Set container configuration: InlinePtr #cards 5 size 8 Array Of Cards #cards 12 size 40 Howl #buckets 4 coarsen threshold 1843 Howl Bitmap #cards 512 size 80 coarsen threshold 460 Card regions per heap region 1 cards per card region 2048
 CPUs: 12 total, 12 available
 Memory: 16107M
 Large Page Support: Disabled
 NUMA Support: Disabled
 Compressed Oops: Enabled (32-bit)
 Heap Region Size: 1M
 Heap Min Capacity: 8M
 Heap Initial Capacity: 252M
 Heap Max Capacity: 1G
 Pre-touch: Disabled
 Parallel Workers: 10
 Concurrent Workers: 3
 Concurrent Refinement Workers: 10
 Periodic GC: Disabled

Heap:
 garbage-first heap   total 229376K, used 194820K [0x00000000c0000000, 0x0000000100000000)
  region size 1024K, 51 young (52224K), 7 survivors (7168K)
 Metaspace       used 118936K, committed 121280K, reserved 1179648K
  class space    used 15917K, committed 17088K, reserved 1048576K

Heap Regions: E=young(eden), S=young(survivor), O=old, HS=humongous(starts), HC=humongous(continues), CS=collection set, F=free, TAMS=top-at-mark-start, PB=parsable bottom
|   0|0x00000000c0000000, 0x00000000c0100000, 0x00000000c0100000|100%|HS|  |TAMS 0x00000000c0000000| PB 0x00000000c0000000| Complete 
|   1|0x00000000c0100000, 0x00000000c0200000, 0x00000000c0200000|100%|HC|  |TAMS 0x00000000c0100000| PB 0x00000000c0100000| Complete 
|   2|0x00000000c0200000, 0x00000000c0300000, 0x00000000c0300000|100%|HC|  |TAMS 0x00000000c0200000| PB 0x00000000c0200000| Complete 
|   3|0x00000000c0300000, 0x00000000c0400000, 0x00000000c0400000|100%| O|  |TAMS 0x00000000c0300000| PB 0x00000000c0300000| Untracked 
|   4|0x00000000c0400000, 0x00000000c0500000, 0x00000000c0500000|100%| O|  |TAMS 0x00000000c0400000| PB 0x00000000c0400000| Untracked 
|   5|0x00000000c0500000, 0x00000000c0600000, 0x00000000c0600000|100%| O|  |TAMS 0x00000000c0500000| PB 0x00000000c0500000| Untracked 
|   6|0x00000000c0600000, 0x00000000c0700000, 0x00000000c0700000|100%|HS|  |TAMS 0x00000000c0600000| PB 0x00000000c0600000| Complete 
|   7|0x00000000c0700000, 0x00000000c0800000, 0x00000000c0800000|100%| O|  |TAMS 0x00000000c0700000| PB 0x00000000c0700000| Untracked 
|   8|0x00000000c0800000, 0x00000000c0900000, 0x00000000c0900000|100%| O|  |TAMS 0x00000000c0800000| PB 0x00000000c0800000| Untracked 
|   9|0x00000000c0900000, 0x00000000c0a00000, 0x00000000c0a00000|100%| O|  |TAMS 0x00000000c0900000| PB 0x00000000c0900000| Untracked 
|  10|0x00000000c0a00000, 0x00000000c0b00000, 0x00000000c0b00000|100%| O|  |TAMS 0x00000000c0a00000| PB 0x00000000c0a00000| Untracked 
|  11|0x00000000c0b00000, 0x00000000c0c00000, 0x00000000c0c00000|100%| O|  |TAMS 0x00000000c0b00000| PB 0x00000000c0b00000| Untracked 
|  12|0x00000000c0c00000, 0x00000000c0d00000, 0x00000000c0d00000|100%| O|  |TAMS 0x00000000c0c00000| PB 0x00000000c0c00000| Untracked 
|  13|0x00000000c0d00000, 0x00000000c0e00000, 0x00000000c0e00000|100%| O|  |TAMS 0x00000000c0d00000| PB 0x00000000c0d00000| Untracked 
|  14|0x00000000c0e00000, 0x00000000c0f00000, 0x00000000c0f00000|100%| O|  |TAMS 0x00000000c0e00000| PB 0x00000000c0e00000| Untracked 
|  15|0x00000000c0f00000, 0x00000000c1000000, 0x00000000c1000000|100%| O|  |TAMS 0x00000000c0f00000| PB 0x00000000c0f00000| Untracked 
|  16|0x00000000c1000000, 0x00000000c1100000, 0x00000000c1100000|100%| O|  |TAMS 0x00000000c1000000| PB 0x00000000c1000000| Untracked 
|  17|0x00000000c1100000, 0x00000000c1200000, 0x00000000c1200000|100%| O|  |TAMS 0x00000000c1100000| PB 0x00000000c1100000| Untracked 
|  18|0x00000000c1200000, 0x00000000c1300000, 0x00000000c1300000|100%| O|  |TAMS 0x00000000c1200000| PB 0x00000000c1200000| Untracked 
|  19|0x00000000c1300000, 0x00000000c1400000, 0x00000000c1400000|100%|HS|  |TAMS 0x00000000c1300000| PB 0x00000000c1300000| Complete 
|  20|0x00000000c1400000, 0x00000000c1500000, 0x00000000c1500000|100%| O|  |TAMS 0x00000000c1400000| PB 0x00000000c1400000| Untracked 
|  21|0x00000000c1500000, 0x00000000c1600000, 0x00000000c1600000|100%| O|  |TAMS 0x00000000c1500000| PB 0x00000000c1500000| Untracked 
|  22|0x00000000c1600000, 0x00000000c1700000, 0x00000000c1700000|100%|HS|  |TAMS 0x00000000c1600000| PB 0x00000000c1600000| Complete 
|  23|0x00000000c1700000, 0x00000000c1800000, 0x00000000c1800000|100%|HC|  |TAMS 0x00000000c1700000| PB 0x00000000c1700000| Complete 
|  24|0x00000000c1800000, 0x00000000c1900000, 0x00000000c1900000|100%|HC|  |TAMS 0x00000000c1800000| PB 0x00000000c1800000| Complete 
|  25|0x00000000c1900000, 0x00000000c1a00000, 0x00000000c1a00000|100%|HC|  |TAMS 0x00000000c1900000| PB 0x00000000c1900000| Complete 
|  26|0x00000000c1a00000, 0x00000000c1b00000, 0x00000000c1b00000|100%|HC|  |TAMS 0x00000000c1a00000| PB 0x00000000c1a00000| Complete 
|  27|0x00000000c1b00000, 0x00000000c1c00000, 0x00000000c1c00000|100%|HC|  |TAMS 0x00000000c1b00000| PB 0x00000000c1b00000| Complete 
|  28|0x00000000c1c00000, 0x00000000c1d00000, 0x00000000c1d00000|100%|HS|  |TAMS 0x00000000c1c00000| PB 0x00000000c1c00000| Complete 
|  29|0x00000000c1d00000, 0x00000000c1e00000, 0x00000000c1e00000|100%|HC|  |TAMS 0x00000000c1d00000| PB 0x00000000c1d00000| Complete 
|  30|0x00000000c1e00000, 0x00000000c1f00000, 0x00000000c1f00000|100%|HC|  |TAMS 0x00000000c1e00000| PB 0x00000000c1e00000| Complete 
|  31|0x00000000c1f00000, 0x00000000c2000000, 0x00000000c2000000|100%|HS|  |TAMS 0x00000000c1f00000| PB 0x00000000c1f00000| Complete 
|  32|0x00000000c2000000, 0x00000000c2100000, 0x00000000c2100000|100%|HC|  |TAMS 0x00000000c2000000| PB 0x00000000c2000000| Complete 
|  33|0x00000000c2100000, 0x00000000c2200000, 0x00000000c2200000|100%| O|  |TAMS 0x00000000c2100000| PB 0x00000000c2100000| Untracked 
|  34|0x00000000c2200000, 0x00000000c2300000, 0x00000000c2300000|100%| O|  |TAMS 0x00000000c2200000| PB 0x00000000c2200000| Untracked 
|  35|0x00000000c2300000, 0x00000000c2400000, 0x00000000c2400000|100%| O|  |TAMS 0x00000000c2300000| PB 0x00000000c2300000| Untracked 
|  36|0x00000000c2400000, 0x00000000c2500000, 0x00000000c2500000|100%| O|  |TAMS 0x00000000c2400000| PB 0x00000000c2400000| Untracked 
|  37|0x00000000c2500000, 0x00000000c2600000, 0x00000000c2600000|100%| O|  |TAMS 0x00000000c2500000| PB 0x00000000c2500000| Untracked 
|  38|0x00000000c2600000, 0x00000000c2700000, 0x00000000c2700000|100%| O|  |TAMS 0x00000000c2600000| PB 0x00000000c2600000| Untracked 
|  39|0x00000000c2700000, 0x00000000c2800000, 0x00000000c2800000|100%| O|  |TAMS 0x00000000c2700000| PB 0x00000000c2700000| Untracked 
|  40|0x00000000c2800000, 0x00000000c2900000, 0x00000000c2900000|100%| O|  |TAMS 0x00000000c2800000| PB 0x00000000c2800000| Untracked 
|  41|0x00000000c2900000, 0x00000000c2a00000, 0x00000000c2a00000|100%| O|  |TAMS 0x00000000c2900000| PB 0x00000000c2900000| Untracked 
|  42|0x00000000c2a00000, 0x00000000c2b00000, 0x00000000c2b00000|100%| O|  |TAMS 0x00000000c2a00000| PB 0x00000000c2a00000| Untracked 
|  43|0x00000000c2b00000, 0x00000000c2c00000, 0x00000000c2c00000|100%| O|  |TAMS 0x00000000c2b00000| PB 0x00000000c2b00000| Untracked 
|  44|0x00000000c2c00000, 0x00000000c2d00000, 0x00000000c2d00000|100%| O|  |TAMS 0x00000000c2c00000| PB 0x00000000c2c00000| Untracked 
|  45|0x00000000c2d00000, 0x00000000c2e00000, 0x00000000c2e00000|100%| O|  |TAMS 0x00000000c2d00000| PB 0x00000000c2d00000| Untracked 
|  46|0x00000000c2e00000, 0x00000000c2f00000, 0x00000000c2f00000|100%|HS|  |TAMS 0x00000000c2e00000| PB 0x00000000c2e00000| Complete 
|  47|0x00000000c2f00000, 0x00000000c3000000, 0x00000000c3000000|100%|HC|  |TAMS 0x00000000c2f00000| PB 0x00000000c2f00000| Complete 
|  48|0x00000000c3000000, 0x00000000c3100000, 0x00000000c3100000|100%|HS|  |TAMS 0x00000000c3000000| PB 0x00000000c3000000| Complete 
|  49|0x00000000c3100000, 0x00000000c3200000, 0x00000000c3200000|100%|HC|  |TAMS 0x00000000c3100000| PB 0x00000000c3100000| Complete 
|  50|0x00000000c3200000, 0x00000000c3300000, 0x00000000c3300000|100%|HC|  |TAMS 0x00000000c3200000| PB 0x00000000c3200000| Complete 
|  51|0x00000000c3300000, 0x00000000c3400000, 0x00000000c3400000|100%|HC|  |TAMS 0x00000000c3300000| PB 0x00000000c3300000| Complete 
|  52|0x00000000c3400000, 0x00000000c3500000, 0x00000000c3500000|100%|HC|  |TAMS 0x00000000c3400000| PB 0x00000000c3400000| Complete 
|  53|0x00000000c3500000, 0x00000000c3600000, 0x00000000c3600000|100%|HC|  |TAMS 0x00000000c3500000| PB 0x00000000c3500000| Complete 
|  54|0x00000000c3600000, 0x00000000c3700000, 0x00000000c3700000|100%|HS|  |TAMS 0x00000000c3600000| PB 0x00000000c3600000| Complete 
|  55|0x00000000c3700000, 0x00000000c3800000, 0x00000000c3800000|100%|HC|  |TAMS 0x00000000c3700000| PB 0x00000000c3700000| Complete 
|  56|0x00000000c3800000, 0x00000000c3900000, 0x00000000c3900000|100%|HC|  |TAMS 0x00000000c3800000| PB 0x00000000c3800000| Complete 
|  57|0x00000000c3900000, 0x00000000c3a00000, 0x00000000c3a00000|100%|HC|  |TAMS 0x00000000c3900000| PB 0x00000000c3900000| Complete 
|  58|0x00000000c3a00000, 0x00000000c3b00000, 0x00000000c3b00000|100%|HC|  |TAMS 0x00000000c3a00000| PB 0x00000000c3a00000| Complete 
|  59|0x00000000c3b00000, 0x00000000c3c00000, 0x00000000c3c00000|100%|HC|  |TAMS 0x00000000c3b00000| PB 0x00000000c3b00000| Complete 
|  60|0x00000000c3c00000, 0x00000000c3d00000, 0x00000000c3d00000|100%| O|  |TAMS 0x00000000c3c00000| PB 0x00000000c3c00000| Untracked 
|  61|0x00000000c3d00000, 0x00000000c3e00000, 0x00000000c3e00000|100%| O|  |TAMS 0x00000000c3d00000| PB 0x00000000c3d00000| Untracked 
|  62|0x00000000c3e00000, 0x00000000c3f00000, 0x00000000c3f00000|100%| O|  |TAMS 0x00000000c3e00000| PB 0x00000000c3e00000| Untracked 
|  63|0x00000000c3f00000, 0x00000000c4000000, 0x00000000c4000000|100%| O|  |TAMS 0x00000000c3f00000| PB 0x00000000c3f00000| Untracked 
|  64|0x00000000c4000000, 0x00000000c4100000, 0x00000000c4100000|100%| O|  |TAMS 0x00000000c4000000| PB 0x00000000c4000000| Untracked 
|  65|0x00000000c4100000, 0x00000000c4200000, 0x00000000c4200000|100%| O|Cm|TAMS 0x00000000c4100000| PB 0x00000000c4100000| Complete 
|  66|0x00000000c4200000, 0x00000000c4300000, 0x00000000c4300000|100%| O|  |TAMS 0x00000000c4200000| PB 0x00000000c4200000| Untracked 
|  67|0x00000000c4300000, 0x00000000c4400000, 0x00000000c4400000|100%| O|  |TAMS 0x00000000c4300000| PB 0x00000000c4300000| Untracked 
|  68|0x00000000c4400000, 0x00000000c4500000, 0x00000000c4500000|100%| O|  |TAMS 0x00000000c4400000| PB 0x00000000c4400000| Untracked 
|  69|0x00000000c4500000, 0x00000000c4600000, 0x00000000c4600000|100%| O|  |TAMS 0x00000000c4500000| PB 0x00000000c4500000| Untracked 
|  70|0x00000000c4600000, 0x00000000c4700000, 0x00000000c4700000|100%| O|  |TAMS 0x00000000c4600000| PB 0x00000000c4600000| Untracked 
|  71|0x00000000c4700000, 0x00000000c4800000, 0x00000000c4800000|100%| O|  |TAMS 0x00000000c4700000| PB 0x00000000c4700000| Untracked 
|  72|0x00000000c4800000, 0x00000000c4900000, 0x00000000c4900000|100%|HS|  |TAMS 0x00000000c4800000| PB 0x00000000c4800000| Complete 
|  73|0x00000000c4900000, 0x00000000c4a00000, 0x00000000c4a00000|100%|HS|  |TAMS 0x00000000c4900000| PB 0x00000000c4900000| Complete 
|  74|0x00000000c4a00000, 0x00000000c4b00000, 0x00000000c4b00000|100%|HS|  |TAMS 0x00000000c4a00000| PB 0x00000000c4a00000| Complete 
|  75|0x00000000c4b00000, 0x00000000c4c00000, 0x00000000c4c00000|100%|HS|  |TAMS 0x00000000c4b00000| PB 0x00000000c4b00000| Complete 
|  76|0x00000000c4c00000, 0x00000000c4d00000, 0x00000000c4d00000|100%|HC|  |TAMS 0x00000000c4c00000| PB 0x00000000c4c00000| Complete 
|  77|0x00000000c4d00000, 0x00000000c4e00000, 0x00000000c4e00000|100%|HS|  |TAMS 0x00000000c4d00000| PB 0x00000000c4d00000| Complete 
|  78|0x00000000c4e00000, 0x00000000c4f00000, 0x00000000c4f00000|100%| O|  |TAMS 0x00000000c4e00000| PB 0x00000000c4e00000| Untracked 
|  79|0x00000000c4f00000, 0x00000000c5000000, 0x00000000c5000000|100%|HS|  |TAMS 0x00000000c4f00000| PB 0x00000000c4f00000| Complete 
|  80|0x00000000c5000000, 0x00000000c5100000, 0x00000000c5100000|100%|HS|  |TAMS 0x00000000c5000000| PB 0x00000000c5000000| Complete 
|  81|0x00000000c5100000, 0x00000000c5200000, 0x00000000c5200000|100%| O|  |TAMS 0x00000000c5100000| PB 0x00000000c5100000| Untracked 
|  82|0x00000000c5200000, 0x00000000c5300000, 0x00000000c5300000|100%| O|  |TAMS 0x00000000c5200000| PB 0x00000000c5200000| Untracked 
|  83|0x00000000c5300000, 0x00000000c5400000, 0x00000000c5400000|100%| O|  |TAMS 0x00000000c5300000| PB 0x00000000c5300000| Untracked 
|  84|0x00000000c5400000, 0x00000000c5500000, 0x00000000c5500000|100%| O|  |TAMS 0x00000000c5400000| PB 0x00000000c5400000| Untracked 
|  85|0x00000000c5500000, 0x00000000c5600000, 0x00000000c5600000|100%|HS|  |TAMS 0x00000000c5500000| PB 0x00000000c5500000| Complete 
|  86|0x00000000c5600000, 0x00000000c5700000, 0x00000000c5700000|100%| O|  |TAMS 0x00000000c5600000| PB 0x00000000c5600000| Untracked 
|  87|0x00000000c5700000, 0x00000000c5800000, 0x00000000c5800000|100%| O|  |TAMS 0x00000000c5700000| PB 0x00000000c5700000| Untracked 
|  88|0x00000000c5800000, 0x00000000c5900000, 0x00000000c5900000|100%| O|  |TAMS 0x00000000c5800000| PB 0x00000000c5800000| Untracked 
|  89|0x00000000c5900000, 0x00000000c5a00000, 0x00000000c5a00000|100%| O|  |TAMS 0x00000000c5900000| PB 0x00000000c5900000| Untracked 
|  90|0x00000000c5a00000, 0x00000000c5b00000, 0x00000000c5b00000|100%| O|  |TAMS 0x00000000c5a00000| PB 0x00000000c5a00000| Untracked 
|  91|0x00000000c5b00000, 0x00000000c5c00000, 0x00000000c5c00000|100%| O|  |TAMS 0x00000000c5b00000| PB 0x00000000c5b00000| Untracked 
|  92|0x00000000c5c00000, 0x00000000c5d00000, 0x00000000c5d00000|100%| O|  |TAMS 0x00000000c5c00000| PB 0x00000000c5c00000| Untracked 
|  93|0x00000000c5d00000, 0x00000000c5e00000, 0x00000000c5e00000|100%| O|  |TAMS 0x00000000c5d00000| PB 0x00000000c5d00000| Untracked 
|  94|0x00000000c5e00000, 0x00000000c5f00000, 0x00000000c5f00000|100%| O|  |TAMS 0x00000000c5e00000| PB 0x00000000c5e00000| Untracked 
|  95|0x00000000c5f00000, 0x00000000c6000000, 0x00000000c6000000|100%| O|  |TAMS 0x00000000c5f00000| PB 0x00000000c5f00000| Untracked 
|  96|0x00000000c6000000, 0x00000000c6100000, 0x00000000c6100000|100%| O|  |TAMS 0x00000000c6000000| PB 0x00000000c6000000| Untracked 
|  97|0x00000000c6100000, 0x00000000c6200000, 0x00000000c6200000|100%| O|  |TAMS 0x00000000c6100000| PB 0x00000000c6100000| Untracked 
|  98|0x00000000c6200000, 0x00000000c6300000, 0x00000000c6300000|100%| O|  |TAMS 0x00000000c6200000| PB 0x00000000c6200000| Untracked 
|  99|0x00000000c6300000, 0x00000000c6400000, 0x00000000c6400000|100%| O|  |TAMS 0x00000000c6300000| PB 0x00000000c6300000| Untracked 
| 100|0x00000000c6400000, 0x00000000c6500000, 0x00000000c6500000|100%|HS|  |TAMS 0x00000000c6400000| PB 0x00000000c6400000| Complete 
| 101|0x00000000c6500000, 0x00000000c6600000, 0x00000000c6600000|100%|HC|  |TAMS 0x00000000c6500000| PB 0x00000000c6500000| Complete 
| 102|0x00000000c6600000, 0x00000000c6700000, 0x00000000c6700000|100%| O|  |TAMS 0x00000000c6600000| PB 0x00000000c6600000| Untracked 
| 103|0x00000000c6700000, 0x00000000c6800000, 0x00000000c6800000|100%| O|  |TAMS 0x00000000c6700000| PB 0x00000000c6700000| Untracked 
| 104|0x00000000c6800000, 0x00000000c6900000, 0x00000000c6900000|100%| O|Cm|TAMS 0x00000000c6800000| PB 0x00000000c6800000| Complete 
| 105|0x00000000c6900000, 0x00000000c6a00000, 0x00000000c6a00000|100%| O|  |TAMS 0x00000000c6900000| PB 0x00000000c6900000| Untracked 
| 106|0x00000000c6a00000, 0x00000000c6b00000, 0x00000000c6b00000|100%| O|  |TAMS 0x00000000c6a00000| PB 0x00000000c6a00000| Untracked 
| 107|0x00000000c6b00000, 0x00000000c6c00000, 0x00000000c6c00000|100%| O|  |TAMS 0x00000000c6b00000| PB 0x00000000c6b00000| Untracked 
| 108|0x00000000c6c00000, 0x00000000c6d00000, 0x00000000c6d00000|100%| O|  |TAMS 0x00000000c6c00000| PB 0x00000000c6c00000| Untracked 
| 109|0x00000000c6d00000, 0x00000000c6e00000, 0x00000000c6e00000|100%| O|  |TAMS 0x00000000c6d00000| PB 0x00000000c6d00000| Untracked 
| 110|0x00000000c6e00000, 0x00000000c6f00000, 0x00000000c6f00000|100%| O|  |TAMS 0x00000000c6e00000| PB 0x00000000c6e00000| Untracked 
| 111|0x00000000c6f00000, 0x00000000c7000000, 0x00000000c7000000|100%|HS|  |TAMS 0x00000000c6f00000| PB 0x00000000c6f00000| Complete 
| 112|0x00000000c7000000, 0x00000000c7100000, 0x00000000c7100000|100%|HS|  |TAMS 0x00000000c7000000| PB 0x00000000c7000000| Complete 
| 113|0x00000000c7100000, 0x00000000c7100000, 0x00000000c7200000|  0%| F|  |TAMS 0x00000000c7100000| PB 0x00000000c7100000| Untracked 
| 114|0x00000000c7200000, 0x00000000c7200000, 0x00000000c7300000|  0%| F|  |TAMS 0x00000000c7200000| PB 0x00000000c7200000| Untracked 
| 115|0x00000000c7300000, 0x00000000c7300000, 0x00000000c7400000|  0%| F|  |TAMS 0x00000000c7300000| PB 0x00000000c7300000| Untracked 
| 116|0x00000000c7400000, 0x00000000c7500000, 0x00000000c7500000|100%|HS|  |TAMS 0x00000000c7400000| PB 0x00000000c7400000| Complete 
| 117|0x00000000c7500000, 0x00000000c7600000, 0x00000000c7600000|100%|HC|  |TAMS 0x00000000c7500000| PB 0x00000000c7500000| Complete 
| 118|0x00000000c7600000, 0x00000000c7700000, 0x00000000c7700000|100%|HS|  |TAMS 0x00000000c7600000| PB 0x00000000c7600000| Complete 
| 119|0x00000000c7700000, 0x00000000c7800000, 0x00000000c7800000|100%|HC|  |TAMS 0x00000000c7700000| PB 0x00000000c7700000| Complete 
| 120|0x00000000c7800000, 0x00000000c7900000, 0x00000000c7900000|100%|HC|  |TAMS 0x00000000c7800000| PB 0x00000000c7800000| Complete 
| 121|0x00000000c7900000, 0x00000000c7a00000, 0x00000000c7a00000|100%|HC|  |TAMS 0x00000000c7900000| PB 0x00000000c7900000| Complete 
| 122|0x00000000c7a00000, 0x00000000c7b00000, 0x00000000c7b00000|100%|HC|  |TAMS 0x00000000c7a00000| PB 0x00000000c7a00000| Complete 
| 123|0x00000000c7b00000, 0x00000000c7c00000, 0x00000000c7c00000|100%|HC|  |TAMS 0x00000000c7b00000| PB 0x00000000c7b00000| Complete 
| 124|0x00000000c7c00000, 0x00000000c7d00000, 0x00000000c7d00000|100%|HS|  |TAMS 0x00000000c7c00000| PB 0x00000000c7c00000| Complete 
| 125|0x00000000c7d00000, 0x00000000c7e00000, 0x00000000c7e00000|100%|HC|  |TAMS 0x00000000c7d00000| PB 0x00000000c7d00000| Complete 
| 126|0x00000000c7e00000, 0x00000000c7f00000, 0x00000000c7f00000|100%|HC|  |TAMS 0x00000000c7e00000| PB 0x00000000c7e00000| Complete 
| 127|0x00000000c7f00000, 0x00000000c8000000, 0x00000000c8000000|100%|HS|  |TAMS 0x00000000c7f00000| PB 0x00000000c7f00000| Complete 
| 128|0x00000000c8000000, 0x00000000c8100000, 0x00000000c8100000|100%|HC|  |TAMS 0x00000000c8000000| PB 0x00000000c8000000| Complete 
| 129|0x00000000c8100000, 0x00000000c8200000, 0x00000000c8200000|100%|HS|  |TAMS 0x00000000c8100000| PB 0x00000000c8100000| Complete 
| 130|0x00000000c8200000, 0x00000000c8200000, 0x00000000c8300000|  0%| F|  |TAMS 0x00000000c8200000| PB 0x00000000c8200000| Untracked 
| 131|0x00000000c8300000, 0x00000000c8300000, 0x00000000c8400000|  0%| F|  |TAMS 0x00000000c8300000| PB 0x00000000c8300000| Untracked 
| 132|0x00000000c8400000, 0x00000000c8400000, 0x00000000c8500000|  0%| F|  |TAMS 0x00000000c8400000| PB 0x00000000c8400000| Untracked 
| 133|0x00000000c8500000, 0x00000000c8500000, 0x00000000c8600000|  0%| F|  |TAMS 0x00000000c8500000| PB 0x00000000c8500000| Untracked 
| 134|0x00000000c8600000, 0x00000000c8600000, 0x00000000c8700000|  0%| F|  |TAMS 0x00000000c8600000| PB 0x00000000c8600000| Untracked 
| 135|0x00000000c8700000, 0x00000000c8800000, 0x00000000c8800000|100%| O|  |TAMS 0x00000000c8700000| PB 0x00000000c8700000| Untracked 
| 136|0x00000000c8800000, 0x00000000c8900000, 0x00000000c8900000|100%| O|  |TAMS 0x00000000c8800000| PB 0x00000000c8800000| Untracked 
| 137|0x00000000c8900000, 0x00000000c8a00000, 0x00000000c8a00000|100%| O|  |TAMS 0x00000000c8900000| PB 0x00000000c8900000| Untracked 
| 138|0x00000000c8a00000, 0x00000000c8b00000, 0x00000000c8b00000|100%| O|  |TAMS 0x00000000c8a00000| PB 0x00000000c8a00000| Untracked 
| 139|0x00000000c8b00000, 0x00000000c8c00000, 0x00000000c8c00000|100%| O|  |TAMS 0x00000000c8b00000| PB 0x00000000c8b00000| Untracked 
| 140|0x00000000c8c00000, 0x00000000c8c9a430, 0x00000000c8d00000| 60%| O|  |TAMS 0x00000000c8c00000| PB 0x00000000c8c00000| Untracked 
| 141|0x00000000c8d00000, 0x00000000c8d00000, 0x00000000c8e00000|  0%| F|  |TAMS 0x00000000c8d00000| PB 0x00000000c8d00000| Untracked 
| 142|0x00000000c8e00000, 0x00000000c8e00000, 0x00000000c8f00000|  0%| F|  |TAMS 0x00000000c8e00000| PB 0x00000000c8e00000| Untracked 
| 143|0x00000000c8f00000, 0x00000000c8f00000, 0x00000000c9000000|  0%| F|  |TAMS 0x00000000c8f00000| PB 0x00000000c8f00000| Untracked 
| 144|0x00000000c9000000, 0x00000000c9000000, 0x00000000c9100000|  0%| F|  |TAMS 0x00000000c9000000| PB 0x00000000c9000000| Untracked 
| 145|0x00000000c9100000, 0x00000000c9100000, 0x00000000c9200000|  0%| F|  |TAMS 0x00000000c9100000| PB 0x00000000c9100000| Untracked 
| 146|0x00000000c9200000, 0x00000000c9200000, 0x00000000c9300000|  0%| F|  |TAMS 0x00000000c9200000| PB 0x00000000c9200000| Untracked 
| 147|0x00000000c9300000, 0x00000000c9300000, 0x00000000c9400000|  0%| F|  |TAMS 0x00000000c9300000| PB 0x00000000c9300000| Untracked 
| 148|0x00000000c9400000, 0x00000000c9400000, 0x00000000c9500000|  0%| F|  |TAMS 0x00000000c9400000| PB 0x00000000c9400000| Untracked 
| 149|0x00000000c9500000, 0x00000000c95a6d40, 0x00000000c9600000| 65%| S|CS|TAMS 0x00000000c9500000| PB 0x00000000c9500000| Complete 
| 150|0x00000000c9600000, 0x00000000c9700000, 0x00000000c9700000|100%| S|CS|TAMS 0x00000000c9600000| PB 0x00000000c9600000| Complete 
| 151|0x00000000c9700000, 0x00000000c9800000, 0x00000000c9800000|100%| S|CS|TAMS 0x00000000c9700000| PB 0x00000000c9700000| Complete 
| 152|0x00000000c9800000, 0x00000000c9900000, 0x00000000c9900000|100%| S|CS|TAMS 0x00000000c9800000| PB 0x00000000c9800000| Complete 
| 153|0x00000000c9900000, 0x00000000c9a00000, 0x00000000c9a00000|100%| S|CS|TAMS 0x00000000c9900000| PB 0x00000000c9900000| Complete 
| 154|0x00000000c9a00000, 0x00000000c9b00000, 0x00000000c9b00000|100%| S|CS|TAMS 0x00000000c9a00000| PB 0x00000000c9a00000| Complete 
| 155|0x00000000c9b00000, 0x00000000c9c00000, 0x00000000c9c00000|100%| S|CS|TAMS 0x00000000c9b00000| PB 0x00000000c9b00000| Complete 
| 156|0x00000000c9c00000, 0x00000000c9c00000, 0x00000000c9d00000|  0%| F|  |TAMS 0x00000000c9c00000| PB 0x00000000c9c00000| Untracked 
| 157|0x00000000c9d00000, 0x00000000c9d00000, 0x00000000c9e00000|  0%| F|  |TAMS 0x00000000c9d00000| PB 0x00000000c9d00000| Untracked 
| 158|0x00000000c9e00000, 0x00000000c9e00000, 0x00000000c9f00000|  0%| F|  |TAMS 0x00000000c9e00000| PB 0x00000000c9e00000| Untracked 
| 159|0x00000000c9f00000, 0x00000000c9f00000, 0x00000000ca000000|  0%| F|  |TAMS 0x00000000c9f00000| PB 0x00000000c9f00000| Untracked 
| 160|0x00000000ca000000, 0x00000000ca000000, 0x00000000ca100000|  0%| F|  |TAMS 0x00000000ca000000| PB 0x00000000ca000000| Untracked 
| 161|0x00000000ca100000, 0x00000000ca100000, 0x00000000ca200000|  0%| F|  |TAMS 0x00000000ca100000| PB 0x00000000ca100000| Untracked 
| 162|0x00000000ca200000, 0x00000000ca200000, 0x00000000ca300000|  0%| F|  |TAMS 0x00000000ca200000| PB 0x00000000ca200000| Untracked 
| 163|0x00000000ca300000, 0x00000000ca300000, 0x00000000ca400000|  0%| F|  |TAMS 0x00000000ca300000| PB 0x00000000ca300000| Untracked 
| 164|0x00000000ca400000, 0x00000000ca400000, 0x00000000ca500000|  0%| F|  |TAMS 0x00000000ca400000| PB 0x00000000ca400000| Untracked 
| 165|0x00000000ca500000, 0x00000000ca500000, 0x00000000ca600000|  0%| F|  |TAMS 0x00000000ca500000| PB 0x00000000ca500000| Untracked 
| 166|0x00000000ca600000, 0x00000000ca600000, 0x00000000ca700000|  0%| F|  |TAMS 0x00000000ca600000| PB 0x00000000ca600000| Untracked 
| 167|0x00000000ca700000, 0x00000000ca700000, 0x00000000ca800000|  0%| F|  |TAMS 0x00000000ca700000| PB 0x00000000ca700000| Untracked 
| 168|0x00000000ca800000, 0x00000000ca800000, 0x00000000ca900000|  0%| F|  |TAMS 0x00000000ca800000| PB 0x00000000ca800000| Untracked 
| 169|0x00000000ca900000, 0x00000000ca900000, 0x00000000caa00000|  0%| F|  |TAMS 0x00000000ca900000| PB 0x00000000ca900000| Untracked 
| 170|0x00000000caa00000, 0x00000000caa00000, 0x00000000cab00000|  0%| F|  |TAMS 0x00000000caa00000| PB 0x00000000caa00000| Untracked 
| 171|0x00000000cab00000, 0x00000000cab84c28, 0x00000000cac00000| 51%| E|  |TAMS 0x00000000cab00000| PB 0x00000000cab00000| Complete 
| 172|0x00000000cac00000, 0x00000000cad00000, 0x00000000cad00000|100%| E|CS|TAMS 0x00000000cac00000| PB 0x00000000cac00000| Complete 
| 173|0x00000000cad00000, 0x00000000cae00000, 0x00000000cae00000|100%| E|CS|TAMS 0x00000000cad00000| PB 0x00000000cad00000| Complete 
| 174|0x00000000cae00000, 0x00000000caf00000, 0x00000000caf00000|100%| E|CS|TAMS 0x00000000cae00000| PB 0x00000000cae00000| Complete 
| 175|0x00000000caf00000, 0x00000000cb000000, 0x00000000cb000000|100%| E|CS|TAMS 0x00000000caf00000| PB 0x00000000caf00000| Complete 
| 176|0x00000000cb000000, 0x00000000cb100000, 0x00000000cb100000|100%| E|CS|TAMS 0x00000000cb000000| PB 0x00000000cb000000| Complete 
| 177|0x00000000cb100000, 0x00000000cb200000, 0x00000000cb200000|100%| E|CS|TAMS 0x00000000cb100000| PB 0x00000000cb100000| Complete 
| 178|0x00000000cb200000, 0x00000000cb300000, 0x00000000cb300000|100%| E|CS|TAMS 0x00000000cb200000| PB 0x00000000cb200000| Complete 
| 179|0x00000000cb300000, 0x00000000cb400000, 0x00000000cb400000|100%| E|CS|TAMS 0x00000000cb300000| PB 0x00000000cb300000| Complete 
| 180|0x00000000cb400000, 0x00000000cb500000, 0x00000000cb500000|100%| E|CS|TAMS 0x00000000cb400000| PB 0x00000000cb400000| Complete 
| 181|0x00000000cb500000, 0x00000000cb600000, 0x00000000cb600000|100%| E|CS|TAMS 0x00000000cb500000| PB 0x00000000cb500000| Complete 
| 182|0x00000000cb600000, 0x00000000cb700000, 0x00000000cb700000|100%| E|CS|TAMS 0x00000000cb600000| PB 0x00000000cb600000| Complete 
| 183|0x00000000cb700000, 0x00000000cb800000, 0x00000000cb800000|100%| E|CS|TAMS 0x00000000cb700000| PB 0x00000000cb700000| Complete 
| 184|0x00000000cb800000, 0x00000000cb900000, 0x00000000cb900000|100%| E|CS|TAMS 0x00000000cb800000| PB 0x00000000cb800000| Complete 
| 185|0x00000000cb900000, 0x00000000cba00000, 0x00000000cba00000|100%| E|CS|TAMS 0x00000000cb900000| PB 0x00000000cb900000| Complete 
| 186|0x00000000cba00000, 0x00000000cbb00000, 0x00000000cbb00000|100%| E|CS|TAMS 0x00000000cba00000| PB 0x00000000cba00000| Complete 
| 187|0x00000000cbb00000, 0x00000000cbc00000, 0x00000000cbc00000|100%| E|CS|TAMS 0x00000000cbb00000| PB 0x00000000cbb00000| Complete 
| 188|0x00000000cbc00000, 0x00000000cbd00000, 0x00000000cbd00000|100%| E|  |TAMS 0x00000000cbc00000| PB 0x00000000cbc00000| Complete 
| 189|0x00000000cbd00000, 0x00000000cbe00000, 0x00000000cbe00000|100%| E|CS|TAMS 0x00000000cbd00000| PB 0x00000000cbd00000| Complete 
| 190|0x00000000cbe00000, 0x00000000cbf00000, 0x00000000cbf00000|100%| E|CS|TAMS 0x00000000cbe00000| PB 0x00000000cbe00000| Complete 
| 191|0x00000000cbf00000, 0x00000000cc000000, 0x00000000cc000000|100%| E|CS|TAMS 0x00000000cbf00000| PB 0x00000000cbf00000| Complete 
| 192|0x00000000cc000000, 0x00000000cc100000, 0x00000000cc100000|100%| E|CS|TAMS 0x00000000cc000000| PB 0x00000000cc000000| Complete 
| 193|0x00000000cc100000, 0x00000000cc200000, 0x00000000cc200000|100%| E|CS|TAMS 0x00000000cc100000| PB 0x00000000cc100000| Complete 
| 194|0x00000000cc200000, 0x00000000cc300000, 0x00000000cc300000|100%| E|CS|TAMS 0x00000000cc200000| PB 0x00000000cc200000| Complete 
| 195|0x00000000cc300000, 0x00000000cc400000, 0x00000000cc400000|100%| E|CS|TAMS 0x00000000cc300000| PB 0x00000000cc300000| Complete 
| 196|0x00000000cc400000, 0x00000000cc500000, 0x00000000cc500000|100%| E|CS|TAMS 0x00000000cc400000| PB 0x00000000cc400000| Complete 
| 197|0x00000000cc500000, 0x00000000cc600000, 0x00000000cc600000|100%| E|CS|TAMS 0x00000000cc500000| PB 0x00000000cc500000| Complete 
| 198|0x00000000cc600000, 0x00000000cc700000, 0x00000000cc700000|100%| E|CS|TAMS 0x00000000cc600000| PB 0x00000000cc600000| Complete 
| 199|0x00000000cc700000, 0x00000000cc800000, 0x00000000cc800000|100%| E|CS|TAMS 0x00000000cc700000| PB 0x00000000cc700000| Complete 
| 200|0x00000000cc800000, 0x00000000cc900000, 0x00000000cc900000|100%| E|CS|TAMS 0x00000000cc800000| PB 0x00000000cc800000| Complete 
| 201|0x00000000cc900000, 0x00000000cca00000, 0x00000000cca00000|100%| E|CS|TAMS 0x00000000cc900000| PB 0x00000000cc900000| Complete 
| 228|0x00000000ce400000, 0x00000000ce500000, 0x00000000ce500000|100%| E|CS|TAMS 0x00000000ce400000| PB 0x00000000ce400000| Complete 
| 229|0x00000000ce500000, 0x00000000ce600000, 0x00000000ce600000|100%| E|CS|TAMS 0x00000000ce500000| PB 0x00000000ce500000| Complete 
| 230|0x00000000ce600000, 0x00000000ce700000, 0x00000000ce700000|100%| E|CS|TAMS 0x00000000ce600000| PB 0x00000000ce600000| Complete 
| 231|0x00000000ce700000, 0x00000000ce800000, 0x00000000ce800000|100%| E|CS|TAMS 0x00000000ce700000| PB 0x00000000ce700000| Complete 
| 232|0x00000000ce800000, 0x00000000ce900000, 0x00000000ce900000|100%| E|CS|TAMS 0x00000000ce800000| PB 0x00000000ce800000| Complete 
| 233|0x00000000ce900000, 0x00000000cea00000, 0x00000000cea00000|100%| E|CS|TAMS 0x00000000ce900000| PB 0x00000000ce900000| Complete 
| 234|0x00000000cea00000, 0x00000000ceb00000, 0x00000000ceb00000|100%| E|CS|TAMS 0x00000000cea00000| PB 0x00000000cea00000| Complete 
| 235|0x00000000ceb00000, 0x00000000cec00000, 0x00000000cec00000|100%| E|CS|TAMS 0x00000000ceb00000| PB 0x00000000ceb00000| Complete 
| 236|0x00000000cec00000, 0x00000000ced00000, 0x00000000ced00000|100%| E|CS|TAMS 0x00000000cec00000| PB 0x00000000cec00000| Complete 
| 237|0x00000000ced00000, 0x00000000cee00000, 0x00000000cee00000|100%| E|CS|TAMS 0x00000000ced00000| PB 0x00000000ced00000| Complete 
| 251|0x00000000cfb00000, 0x00000000cfc00000, 0x00000000cfc00000|100%| E|CS|TAMS 0x00000000cfb00000| PB 0x00000000cfb00000| Complete 
|1013|0x00000000ff500000, 0x00000000ff600000, 0x00000000ff600000|100%| E|CS|TAMS 0x00000000ff500000| PB 0x00000000ff500000| Complete 
|1014|0x00000000ff600000, 0x00000000ff700000, 0x00000000ff700000|100%| O|  |TAMS 0x00000000ff600000| PB 0x00000000ff600000| Untracked 
|1015|0x00000000ff700000, 0x00000000ff800000, 0x00000000ff800000|100%| O|  |TAMS 0x00000000ff700000| PB 0x00000000ff700000| Untracked 
|1016|0x00000000ff800000, 0x00000000ff900000, 0x00000000ff900000|100%| O|  |TAMS 0x00000000ff800000| PB 0x00000000ff800000| Untracked 
|1017|0x00000000ff900000, 0x00000000ffa00000, 0x00000000ffa00000|100%| O|  |TAMS 0x00000000ff900000| PB 0x00000000ff900000| Untracked 
|1018|0x00000000ffa00000, 0x00000000ffb00000, 0x00000000ffb00000|100%| O|  |TAMS 0x00000000ffa00000| PB 0x00000000ffa00000| Untracked 
|1019|0x00000000ffb00000, 0x00000000ffc00000, 0x00000000ffc00000|100%| O|  |TAMS 0x00000000ffb00000| PB 0x00000000ffb00000| Untracked 
|1020|0x00000000ffc00000, 0x00000000ffd00000, 0x00000000ffd00000|100%| O|  |TAMS 0x00000000ffc00000| PB 0x00000000ffc00000| Untracked 
|1021|0x00000000ffd00000, 0x00000000ffe00000, 0x00000000ffe00000|100%| E|CS|TAMS 0x00000000ffd00000| PB 0x00000000ffd00000| Complete 
|1022|0x00000000ffe00000, 0x00000000fff00000, 0x00000000fff00000|100%| O|  |TAMS 0x00000000ffe00000| PB 0x00000000ffe00000| Untracked 
|1023|0x00000000fff00000, 0x0000000100000000, 0x0000000100000000|100%| O|  |TAMS 0x00000000fff00000| PB 0x00000000fff00000| Untracked 

Card table byte_map: [0x0000017f74ea0000,0x0000017f750a0000] _byte_map_base: 0x0000017f748a0000

Marking Bits: (CMBitMap*) 0x0000017f6f9388f0
 Bits: [0x0000017f750a0000, 0x0000017f760a0000)

Polling page: 0x0000017f6f9c0000

Metaspace:

Usage:
  Non-class:    100.60 MB used.
      Class:     15.54 MB used.
       Both:    116.15 MB used.

Virtual space:
  Non-class space:      128.00 MB reserved,     101.75 MB ( 79%) committed,  2 nodes.
      Class space:        1.00 GB reserved,      16.69 MB (  2%) committed,  1 nodes.
             Both:        1.12 GB reserved,     118.44 MB ( 10%) committed. 

Chunk freelists:
   Non-Class:  10.00 MB
       Class:  15.22 MB
        Both:  25.22 MB

MaxMetaspaceSize: unlimited
CompressedClassSpaceSize: 1.00 GB
Initial GC threshold: 21.00 MB
Current GC threshold: 171.88 MB
CDS: off
 - commit_granule_bytes: 65536.
 - commit_granule_words: 8192.
 - virtual_space_node_default_size: 8388608.
 - enlarge_chunks_in_place: 1.
 - use_allocation_guard: 0.


Internal statistics:

num_allocs_failed_limit: 6.
num_arena_births: 4566.
num_arena_deaths: 2.
num_vsnodes_births: 3.
num_vsnodes_deaths: 0.
num_space_committed: 1894.
num_space_uncommitted: 0.
num_chunks_returned_to_freelist: 13.
num_chunks_taken_from_freelist: 9634.
num_chunk_merges: 7.
num_chunk_splits: 6322.
num_chunks_enlarged: 3953.
num_inconsistent_stats: 0.

CodeHeap 'non-profiled nmethods': size=120000Kb used=6768Kb max_used=6768Kb free=113231Kb
 bounds [0x0000017f07ad0000, 0x0000017f08170000, 0x0000017f0f000000]
CodeHeap 'profiled nmethods': size=120000Kb used=19242Kb max_used=19242Kb free=100757Kb
 bounds [0x0000017f00000000, 0x0000017f012d0000, 0x0000017f07530000]
CodeHeap 'non-nmethods': size=5760Kb used=2930Kb max_used=2959Kb free=2829Kb
 bounds [0x0000017f07530000, 0x0000017f07820000, 0x0000017f07ad0000]
 total_blobs=11611 nmethods=10583 adapters=932
 compilation: enabled
              stopped_count=0, restarted_count=0
 full_count=0

Compilation events (20 events):
Event: 18.545 Thread 0x0000017f0f3657e0 nmethod 12488 0x0000017f08161510 code [0x0000017f081616e0, 0x0000017f08161b58]
Event: 18.545 Thread 0x0000017f0f3657e0 12492       4       sun.security.util.math.intpoly.IntegerPolynomial$MutableElement::setSquare (5 bytes)
Event: 18.546 Thread 0x0000017f0f3657e0 nmethod 12492 0x0000017f08161e10 code [0x0000017f08161fc0, 0x0000017f08162108]
Event: 18.546 Thread 0x0000017f0f3657e0 12494       4       sun.security.util.math.intpoly.IntegerPolynomial$MutableElement::setSquare (52 bytes)
Event: 18.547 Thread 0x0000017f0f3657e0 nmethod 12494 0x0000017f08162290 code [0x0000017f08162440, 0x0000017f08162588]
Event: 18.547 Thread 0x0000017f0f3657e0 12496       4       sun.security.util.math.intpoly.IntegerPolynomialP256::square (613 bytes)
Event: 18.553 Thread 0x0000017f0f3657e0 nmethod 12496 0x0000017f08162690 code [0x0000017f08162840, 0x0000017f08162dd0]
Event: 18.553 Thread 0x0000017f0f3657e0 12508       4       sun.security.util.math.intpoly.IntegerPolynomial$MutableElement::setAdditiveInverse (32 bytes)
Event: 18.555 Thread 0x0000017f7d14c420 12509       3       sun.security.ec.ECOperations$PointMultiplier$Secp256R1GeneratorMultiplier::bit (13 bytes)
Event: 18.555 Thread 0x0000017f7d14c420 nmethod 12509 0x0000017f012ca710 code [0x0000017f012ca8a0, 0x0000017f012ca9c8]
Event: 18.556 Thread 0x0000017f0f3657e0 nmethod 12508 0x0000017f08162f90 code [0x0000017f08163120, 0x0000017f081632e0]
Event: 18.556 Thread 0x0000017f0f3657e0 12498       4       sun.security.ec.point.ProjectivePoint$Mutable::conditionalSet (53 bytes)
Event: 18.563 Thread 0x0000017f117f6720 nmethod 12505 0x0000017f08163390 code [0x0000017f08163580, 0x0000017f08163fe0]
Event: 18.564 Thread 0x0000017f117f6720 12487       4       sun.security.util.math.intpoly.IntegerPolynomialP256::reduce (40 bytes)
Event: 18.565 Thread 0x0000017f117f6720 nmethod 12487 0x0000017f08164690 code [0x0000017f08164820, 0x0000017f08164958]
Event: 18.565 Thread 0x0000017f117f6720 12507       4       sun.security.ec.ECOperations::setDouble (463 bytes)
Event: 18.577 Thread 0x0000017f0f3657e0 nmethod 12498 0x0000017f08164a90 code [0x0000017f08164c80, 0x0000017f08165558]
Event: 18.577 Thread 0x0000017f0f3657e0 12433       4       sun.security.util.math.intpoly.IntegerPolynomial25519::carryReduce (639 bytes)
Event: 18.579 Thread 0x0000017f0f3657e0 nmethod 12433 0x0000017f08165a90 code [0x0000017f08165c20, 0x0000017f08165ff8]
Event: 18.584 Thread 0x0000017f7d0cdb00 nmethod 12417 0x0000017f08166190 code [0x0000017f081665c0, 0x0000017f08169820]

GC Heap History (20 events):
Event: 10.789 GC heap before
{Heap before GC invocations=27 (full 0):
 garbage-first heap   total 156672K, used 138703K [0x00000000c0000000, 0x0000000100000000)
  region size 1024K, 46 young (47104K), 7 survivors (7168K)
 Metaspace       used 74484K, committed 76544K, reserved 1179648K
  class space    used 10079K, committed 11072K, reserved 1048576K
}
Event: 10.797 GC heap after
{Heap after GC invocations=28 (full 0):
 garbage-first heap   total 156672K, used 100152K [0x00000000c0000000, 0x0000000100000000)
  region size 1024K, 2 young (2048K), 2 survivors (2048K)
 Metaspace       used 74484K, committed 76544K, reserved 1179648K
  class space    used 10079K, committed 11072K, reserved 1048576K
}
Event: 11.335 GC heap before
{Heap before GC invocations=28 (full 0):
 garbage-first heap   total 156672K, used 131896K [0x00000000c0000000, 0x0000000100000000)
  region size 1024K, 35 young (35840K), 2 survivors (2048K)
 Metaspace       used 78664K, committed 80704K, reserved 1179648K
  class space    used 10683K, committed 11712K, reserved 1048576K
}
Event: 11.338 GC heap after
{Heap after GC invocations=29 (full 0):
 garbage-first heap   total 156672K, used 102992K [0x00000000c0000000, 0x0000000100000000)
  region size 1024K, 4 young (4096K), 4 survivors (4096K)
 Metaspace       used 78664K, committed 80704K, reserved 1179648K
  class space    used 10683K, committed 11712K, reserved 1048576K
}
Event: 11.776 GC heap before
{Heap before GC invocations=30 (full 0):
 garbage-first heap   total 198656K, used 146000K [0x00000000c0000000, 0x0000000100000000)
  region size 1024K, 41 young (41984K), 4 survivors (4096K)
 Metaspace       used 80777K, committed 82944K, reserved 1179648K
  class space    used 10984K, committed 12032K, reserved 1048576K
}
Event: 11.782 GC heap after
{Heap after GC invocations=31 (full 0):
 garbage-first heap   total 198656K, used 107278K [0x00000000c0000000, 0x0000000100000000)
  region size 1024K, 6 young (6144K), 6 survivors (6144K)
 Metaspace       used 80777K, committed 82944K, reserved 1179648K
  class space    used 10984K, committed 12032K, reserved 1048576K
}
Event: 12.485 GC heap before
{Heap before GC invocations=31 (full 0):
 garbage-first heap   total 198656K, used 165646K [0x00000000c0000000, 0x0000000100000000)
  region size 1024K, 64 young (65536K), 6 survivors (6144K)
 Metaspace       used 85038K, committed 87168K, reserved 1179648K
  class space    used 11532K, committed 12608K, reserved 1048576K
}
Event: 12.491 GC heap after
{Heap after GC invocations=32 (full 0):
 garbage-first heap   total 198656K, used 111611K [0x00000000c0000000, 0x0000000100000000)
  region size 1024K, 8 young (8192K), 8 survivors (8192K)
 Metaspace       used 85038K, committed 87168K, reserved 1179648K
  class space    used 11532K, committed 12608K, reserved 1048576K
}
Event: 13.344 GC heap before
{Heap before GC invocations=32 (full 0):
 garbage-first heap   total 198656K, used 171003K [0x00000000c0000000, 0x0000000100000000)
  region size 1024K, 66 young (67584K), 8 survivors (8192K)
 Metaspace       used 90519K, committed 92608K, reserved 1179648K
  class space    used 12315K, committed 13312K, reserved 1048576K
}
Event: 13.353 GC heap after
{Heap after GC invocations=33 (full 0):
 garbage-first heap   total 198656K, used 114309K [0x00000000c0000000, 0x0000000100000000)
  region size 1024K, 7 young (7168K), 7 survivors (7168K)
 Metaspace       used 90519K, committed 92608K, reserved 1179648K
  class space    used 12315K, committed 13312K, reserved 1048576K
}
Event: 13.662 GC heap before
{Heap before GC invocations=33 (full 0):
 garbage-first heap   total 198656K, used 152197K [0x00000000c0000000, 0x0000000100000000)
  region size 1024K, 45 young (46080K), 7 survivors (7168K)
 Metaspace       used 91266K, committed 93440K, reserved 1179648K
  class space    used 12421K, committed 13440K, reserved 1048576K
}
Event: 13.669 GC heap after
{Heap after GC invocations=34 (full 0):
 garbage-first heap   total 198656K, used 118031K [0x00000000c0000000, 0x0000000100000000)
  region size 1024K, 7 young (7168K), 7 survivors (7168K)
 Metaspace       used 91266K, committed 93440K, reserved 1179648K
  class space    used 12421K, committed 13440K, reserved 1048576K
}
Event: 14.599 GC heap before
{Heap before GC invocations=35 (full 0):
 garbage-first heap   total 203776K, used 178447K [0x00000000c0000000, 0x0000000100000000)
  region size 1024K, 64 young (65536K), 7 survivors (7168K)
 Metaspace       used 96277K, committed 98496K, reserved 1179648K
  class space    used 13182K, committed 14272K, reserved 1048576K
}
Event: 14.611 GC heap after
{Heap after GC invocations=36 (full 0):
 garbage-first heap   total 203776K, used 122859K [0x00000000c0000000, 0x0000000100000000)
  region size 1024K, 7 young (7168K), 7 survivors (7168K)
 Metaspace       used 96277K, committed 98496K, reserved 1179648K
  class space    used 13182K, committed 14272K, reserved 1048576K
}
Event: 15.425 GC heap before
{Heap before GC invocations=36 (full 0):
 garbage-first heap   total 203776K, used 183275K [0x00000000c0000000, 0x0000000100000000)
  region size 1024K, 66 young (67584K), 7 survivors (7168K)
 Metaspace       used 101141K, committed 103424K, reserved 1179648K
  class space    used 13922K, committed 15040K, reserved 1048576K
}
Event: 15.432 GC heap after
{Heap after GC invocations=37 (full 0):
 garbage-first heap   total 203776K, used 125115K [0x00000000c0000000, 0x0000000100000000)
  region size 1024K, 6 young (6144K), 6 survivors (6144K)
 Metaspace       used 101141K, committed 103424K, reserved 1179648K
  class space    used 13922K, committed 15040K, reserved 1048576K
}
Event: 15.724 GC heap before
{Heap before GC invocations=37 (full 0):
 garbage-first heap   total 203776K, used 142523K [0x00000000c0000000, 0x0000000100000000)
  region size 1024K, 25 young (25600K), 6 survivors (6144K)
 Metaspace       used 102447K, committed 104704K, reserved 1179648K
  class space    used 14005K, committed 15104K, reserved 1048576K
}
Event: 15.734 GC heap after
{Heap after GC invocations=38 (full 0):
 garbage-first heap   total 203776K, used 129236K [0x00000000c0000000, 0x0000000100000000)
  region size 1024K, 8 young (8192K), 8 survivors (8192K)
 Metaspace       used 102447K, committed 104704K, reserved 1179648K
  class space    used 14005K, committed 15104K, reserved 1048576K
}
Event: 16.687 GC heap before
{Heap before GC invocations=39 (full 0):
 garbage-first heap   total 229376K, used 205012K [0x00000000c0000000, 0x0000000100000000)
  region size 1024K, 59 young (60416K), 8 survivors (8192K)
 Metaspace       used 110001K, committed 112384K, reserved 1179648K
  class space    used 14856K, committed 16064K, reserved 1048576K
}
Event: 16.694 GC heap after
{Heap after GC invocations=40 (full 0):
 garbage-first heap   total 229376K, used 149764K [0x00000000c0000000, 0x0000000100000000)
  region size 1024K, 7 young (7168K), 7 survivors (7168K)
 Metaspace       used 110001K, committed 112384K, reserved 1179648K
  class space    used 14856K, committed 16064K, reserved 1048576K
}

Dll operation events (3 events):
Event: 0.015 Loaded shared library C:\Program Files\Android\Android Studio\jbr\bin\java.dll
Event: 0.023 Loaded shared library C:\Program Files\Android\Android Studio\jbr\bin\zip.dll
Event: 0.632 Loaded shared library C:\Program Files\Android\Android Studio\jbr\bin\verify.dll

Deoptimization events (20 events):
Event: 17.445 Thread 0x0000017f7f12b130 Uncommon trap: trap_request=0xffffff45 fr.pc=0x0000017f07bd9a78 relative=0x0000000000000218
Event: 17.445 Thread 0x0000017f7f12b130 Uncommon trap: reason=unstable_if action=reinterpret pc=0x0000017f07bd9a78 method=java.util.regex.Pattern$BmpCharProperty.match(Ljava/util/regex/Matcher;ILjava/lang/CharSequence;)Z @ 39 c2
Event: 17.445 Thread 0x0000017f7f12b130 DEOPT PACKING pc=0x0000017f07bd9a78 sp=0x0000007e385f7b40
Event: 17.445 Thread 0x0000017f7f12b130 DEOPT UNPACKING pc=0x0000017f075846a2 sp=0x0000007e385f7ae0 mode 2
Event: 18.499 Thread 0x0000017f7f12b130 Uncommon trap: trap_request=0xffffffde fr.pc=0x0000017f07f14244 relative=0x0000000000000364
Event: 18.499 Thread 0x0000017f7f12b130 Uncommon trap: reason=class_check action=maybe_recompile pc=0x0000017f07f14244 method=java.util.ImmutableCollections$MapN.probe(Ljava/lang/Object;)I @ 1 c2
Event: 18.499 Thread 0x0000017f7f12b130 DEOPT PACKING pc=0x0000017f07f14244 sp=0x0000007e385f74e0
Event: 18.499 Thread 0x0000017f7f12b130 DEOPT UNPACKING pc=0x0000017f075846a2 sp=0x0000007e385f7410 mode 2
Event: 18.499 Thread 0x0000017f7f12b130 Uncommon trap: trap_request=0xffffffde fr.pc=0x0000017f07f14244 relative=0x0000000000000364
Event: 18.499 Thread 0x0000017f7f12b130 Uncommon trap: reason=class_check action=maybe_recompile pc=0x0000017f07f14244 method=java.util.ImmutableCollections$MapN.probe(Ljava/lang/Object;)I @ 1 c2
Event: 18.499 Thread 0x0000017f7f12b130 DEOPT PACKING pc=0x0000017f07f14244 sp=0x0000007e385f74e0
Event: 18.499 Thread 0x0000017f7f12b130 DEOPT UNPACKING pc=0x0000017f075846a2 sp=0x0000007e385f7410 mode 2
Event: 18.499 Thread 0x0000017f7f12b130 Uncommon trap: trap_request=0xffffffde fr.pc=0x0000017f07f14244 relative=0x0000000000000364
Event: 18.499 Thread 0x0000017f7f12b130 Uncommon trap: reason=class_check action=maybe_recompile pc=0x0000017f07f14244 method=java.util.ImmutableCollections$MapN.probe(Ljava/lang/Object;)I @ 1 c2
Event: 18.499 Thread 0x0000017f7f12b130 DEOPT PACKING pc=0x0000017f07f14244 sp=0x0000007e385f74c0
Event: 18.499 Thread 0x0000017f7f12b130 DEOPT UNPACKING pc=0x0000017f075846a2 sp=0x0000007e385f73f0 mode 2
Event: 18.499 Thread 0x0000017f7f12b130 Uncommon trap: trap_request=0xffffffde fr.pc=0x0000017f07f14244 relative=0x0000000000000364
Event: 18.499 Thread 0x0000017f7f12b130 Uncommon trap: reason=class_check action=maybe_recompile pc=0x0000017f07f14244 method=java.util.ImmutableCollections$MapN.probe(Ljava/lang/Object;)I @ 1 c2
Event: 18.499 Thread 0x0000017f7f12b130 DEOPT PACKING pc=0x0000017f07f14244 sp=0x0000007e385f74c0
Event: 18.499 Thread 0x0000017f7f12b130 DEOPT UNPACKING pc=0x0000017f075846a2 sp=0x0000007e385f73f0 mode 2

Classes loaded (20 events):
Event: 18.498 Loading class sun/security/util/math/intpoly/IntegerPolynomialP521 done
Event: 18.498 Loading class sun/security/util/math/intpoly/P384OrderField
Event: 18.498 Loading class sun/security/util/math/intpoly/P384OrderField done
Event: 18.499 Loading class sun/security/util/math/intpoly/P521OrderField
Event: 18.499 Loading class sun/security/util/math/intpoly/P521OrderField done
Event: 18.500 Loading class java/security/interfaces/ECPrivateKey
Event: 18.500 Loading class java/security/interfaces/ECPrivateKey done
Event: 18.500 Loading class sun/security/util/ArrayUtil
Event: 18.501 Loading class sun/security/util/ArrayUtil done
Event: 18.502 Loading class java/util/ImmutableCollections$Map1
Event: 18.502 Loading class java/util/ImmutableCollections$Map1 done
Event: 18.504 Loading class sun/security/util/math/IntegerModuloP$MultiplicativeInverser$Secp256R1
Event: 18.504 Loading class sun/security/util/math/IntegerModuloP$MultiplicativeInverser$Secp256R1 done
Event: 18.555 Loading class sun/security/ssl/KeyShareExtension$CHKeyShareSpec
Event: 18.556 Loading class sun/security/ssl/KeyShareExtension$CHKeyShareSpec done
Event: 18.556 Loading class sun/security/ssl/OutputRecord$T13PaddingHolder
Event: 18.556 Loading class sun/security/ssl/OutputRecord$T13PaddingHolder done
Event: 18.556 Loading class sun/security/ssl/ContentType
Event: 18.557 Loading class sun/security/ssl/ContentType done
Event: 18.827 Loading class sun/security/ssl/Plaintext

Classes unloaded (9 events):
Event: 15.785 Thread 0x0000017f7d011010 Unloading class 0x0000000100cee000 '_BuildScript_$_run_closure2'
Event: 15.785 Thread 0x0000017f7d011010 Unloading class 0x0000000100ced830 '_BuildScript_$_run_closure1$_closure6'
Event: 15.785 Thread 0x0000017f7d011010 Unloading class 0x0000000100ced428 '_BuildScript_$_run_closure1$_closure5'
Event: 15.785 Thread 0x0000017f7d011010 Unloading class 0x0000000100ced020 '_BuildScript_$_run_closure1$_closure4$_closure8'
Event: 15.785 Thread 0x0000017f7d011010 Unloading class 0x0000000100cecc18 '_BuildScript_$_run_closure1$_closure4$_closure7'
Event: 15.785 Thread 0x0000017f7d011010 Unloading class 0x0000000100cec810 '_BuildScript_$_run_closure1$_closure4'
Event: 15.785 Thread 0x0000017f7d011010 Unloading class 0x0000000100cec408 '_BuildScript_$_run_closure1$_closure3'
Event: 15.785 Thread 0x0000017f7d011010 Unloading class 0x0000000100cec000 '_BuildScript_$_run_closure1'
Event: 15.785 Thread 0x0000017f7d011010 Unloading class 0x0000000100ce4000 '_BuildScript_'

Classes redefined (0 events):
No events

Internal exceptions (20 events):
Event: 16.409 Thread 0x0000017f7f12b130 Exception <a 'java/lang/ClassNotFoundException'{0x00000000cb14cfd8}: java/util/LinkedHashSetCustomizer> (0x00000000cb14cfd8) 
thrown [s\src\hotspot\share\classfile\systemDictionary.cpp, line 312]
Event: 16.415 Thread 0x0000017f7f12b130 Exception <a 'java/lang/ClassNotFoundException'{0x00000000cb1a5a88}: java/util/ArrayListBeanInfo> (0x00000000cb1a5a88) 
thrown [s\src\hotspot\share\classfile\systemDictionary.cpp, line 312]
Event: 16.415 Thread 0x0000017f7f12b130 Exception <a 'java/lang/ClassNotFoundException'{0x00000000cb1ab3c0}: java/util/AbstractListBeanInfo> (0x00000000cb1ab3c0) 
thrown [s\src\hotspot\share\classfile\systemDictionary.cpp, line 312]
Event: 16.416 Thread 0x0000017f7f12b130 Exception <a 'java/lang/ClassNotFoundException'{0x00000000cb1dd968}: java/util/AbstractListCustomizer> (0x00000000cb1dd968) 
thrown [s\src\hotspot\share\classfile\systemDictionary.cpp, line 312]
Event: 16.417 Thread 0x0000017f7f12b130 Exception <a 'java/lang/ClassNotFoundException'{0x00000000cb00e8b8}: java/util/ArrayListCustomizer> (0x00000000cb00e8b8) 
thrown [s\src\hotspot\share\classfile\systemDictionary.cpp, line 312]
Event: 16.422 Thread 0x0000017f7f12b130 Exception <a 'java/lang/ClassNotFoundException'{0x00000000cb0b0650}: java/lang/StringBeanInfo> (0x00000000cb0b0650) 
thrown [s\src\hotspot\share\classfile\systemDictionary.cpp, line 312]
Event: 16.422 Thread 0x0000017f7f12b130 Exception <a 'java/lang/ClassNotFoundException'{0x00000000cb0b5f28}: java/lang/StringCustomizer> (0x00000000cb0b5f28) 
thrown [s\src\hotspot\share\classfile\systemDictionary.cpp, line 312]
Event: 16.480 Thread 0x0000017f7f12b130 Implicit null exception at 0x0000017f07d081d9 to 0x0000017f07d08940
Event: 16.526 Thread 0x0000017f12fc1f40 Exception <a 'java/lang/NoSuchMethodError'{0x00000000cab229c8}: static Lorg/jetbrains/plugins/gradle/tooling/internal/jar/JarTaskManifestConfigurationImpl;.<clinit>()V> (0x00000000cab229c8) 
thrown [s\src\hotspot\share\prims\jni.cpp, line 1126]
Event: 16.535 Thread 0x0000017f12fc1f40 Exception <a 'java/lang/NoSuchMethodError'{0x00000000cab2b0c0}: static Lorg/jetbrains/kotlin/android/synthetic/idea/AndroidExtensionsGradleModelImpl;.<clinit>()V> (0x00000000cab2b0c0) 
thrown [s\src\hotspot\share\prims\jni.cpp, line 1126]
Event: 16.546 Thread 0x0000017f12fc1f40 Exception <a 'java/lang/NoSuchMethodError'{0x00000000ca2883e8}: static Lorg/jetbrains/kotlin/idea/gradleTooling/model/parcelize/ParcelizeGradleModelImpl;.<clinit>()V> (0x00000000ca2883e8) 
thrown [s\src\hotspot\share\prims\jni.cpp, line 1126]
Event: 16.551 Thread 0x0000017f12fc1f40 Exception <a 'java/lang/NoSuchMethodError'{0x00000000ca290410}: static Lorg/jetbrains/kotlin/idea/gradleTooling/model/assignment/AssignmentModelImpl;.<clinit>()V> (0x00000000ca290410) 
thrown [s\src\hotspot\share\prims\jni.cpp, line 1126]
Event: 16.555 Thread 0x0000017f12fc1f40 Exception <a 'java/lang/NoSuchMethodError'{0x00000000ca29fd68}: static Lorg/jetbrains/kotlin/idea/gradleTooling/model/samWithReceiver/SamWithReceiverModelImpl;.<clinit>()V> (0x00000000ca29fd68) 
thrown [s\src\hotspot\share\prims\jni.cpp, line 1126]
Event: 16.558 Thread 0x0000017f12fc1f40 Exception <a 'java/lang/NoSuchMethodError'{0x00000000ca2a8a78}: static Lorg/jetbrains/kotlin/idea/gradleTooling/model/noarg/NoArgModelImpl;.<clinit>()V> (0x00000000ca2a8a78) 
thrown [s\src\hotspot\share\prims\jni.cpp, line 1126]
Event: 16.560 Thread 0x0000017f12fc1f40 Exception <a 'java/lang/NoSuchMethodError'{0x00000000ca185ea8}: static Lorg/jetbrains/kotlin/idea/gradleTooling/model/allopen/AllOpenModelImpl;.<clinit>()V> (0x00000000ca185ea8) 
thrown [s\src\hotspot\share\prims\jni.cpp, line 1126]
Event: 16.595 Thread 0x0000017f12fc1f40 Exception <a 'java/lang/NoSuchMethodError'{0x00000000ca0844f0}: static Lorg/jetbrains/plugins/gradle/tooling/internal/VersionCatalogsModelImpl;.<clinit>()V> (0x00000000ca0844f0) 
thrown [s\src\hotspot\share\prims\jni.cpp, line 1126]
Event: 16.667 Thread 0x0000017f12fc1f40 Exception <a 'java/lang/NoSuchMethodError'{0x00000000c9c01340}: static Lorg/jetbrains/plugins/gradle/tooling/serialization/internal/adapter/kotlin/dsl/InternalKotlinDslScriptsModel;.<clinit>()V> (0x00000000c9c01340) 
thrown [s\src\hotspot\share\prims\jni.cpp, line 1126]
Event: 16.800 Thread 0x0000017f7f12b130 Exception <a 'java/lang/NoSuchMethodError'{0x00000000ce737df0}: 'void java.lang.invoke.DirectMethodHandle$Holder.invokeStatic(java.lang.Object, int, java.lang.Object)'> (0x00000000ce737df0) 
thrown [s\src\hotspot\share\interpreter\linkResolver.cpp, line 784]
Event: 16.804 Thread 0x0000017f7f12b130 Exception <a 'java/lang/NoSuchMethodError'{0x00000000ce76fc98}: 'java.lang.Object java.lang.invoke.DirectMethodHandle$Holder.invokeStatic(java.lang.Object, int, java.lang.Object)'> (0x00000000ce76fc98) 
thrown [s\src\hotspot\share\interpreter\linkResolver.cpp, line 784]
Event: 17.081 Thread 0x0000017f7f12b130 Exception <a 'sun/nio/fs/WindowsException'{0x00000000cbeb4108}> (0x00000000cbeb4108) 
thrown [s\src\hotspot\share\prims\jni.cpp, line 535]

ZGC Phase Switch (0 events):
No events

VM Operations (20 events):
Event: 17.083 Executing VM operation: HandshakeAllThreads (Deoptimize) done
Event: 17.088 Executing VM operation: HandshakeAllThreads (Deoptimize)
Event: 17.088 Executing VM operation: HandshakeAllThreads (Deoptimize) done
Event: 17.089 Executing VM operation: HandshakeAllThreads (Deoptimize)
Event: 17.089 Executing VM operation: HandshakeAllThreads (Deoptimize) done
Event: 17.121 Executing VM operation: HandshakeAllThreads (Deoptimize)
Event: 17.121 Executing VM operation: HandshakeAllThreads (Deoptimize) done
Event: 17.181 Executing VM operation: HandshakeAllThreads (Deoptimize)
Event: 17.181 Executing VM operation: HandshakeAllThreads (Deoptimize) done
Event: 17.182 Executing VM operation: ICBufferFull
Event: 17.182 Executing VM operation: ICBufferFull done
Event: 17.260 Executing VM operation: HandshakeAllThreads (Deoptimize)
Event: 17.260 Executing VM operation: HandshakeAllThreads (Deoptimize) done
Event: 17.358 Executing VM operation: HandshakeAllThreads (Deoptimize)
Event: 17.359 Executing VM operation: HandshakeAllThreads (Deoptimize) done
Event: 17.450 Executing VM operation: HandshakeAllThreads (Deoptimize)
Event: 17.450 Executing VM operation: HandshakeAllThreads (Deoptimize) done
Event: 18.462 Executing VM operation: Cleanup
Event: 18.463 Executing VM operation: Cleanup done
Event: 19.475 Executing VM operation: Cleanup

Events (20 events):
Event: 16.154 Thread 0x0000017f10a95f50 Thread added: 0x0000017f10a95f50
Event: 16.154 Thread 0x0000017f10a965e0 Thread added: 0x0000017f10a965e0
Event: 16.154 Thread 0x0000017f10a93160 Thread added: 0x0000017f10a93160
Event: 16.154 Thread 0x0000017f10a98020 Thread added: 0x0000017f10a98020
Event: 16.154 Thread 0x0000017f10a97300 Thread added: 0x0000017f10a97300
Event: 16.154 Thread 0x0000017f10a96c70 Thread added: 0x0000017f10a96c70
Event: 16.154 Thread 0x0000017f10a97990 Thread added: 0x0000017f10a97990
Event: 16.154 Thread 0x0000017f10a986b0 Thread added: 0x0000017f10a986b0
Event: 16.154 Thread 0x0000017f12fc32f0 Thread added: 0x0000017f12fc32f0
Event: 16.154 Thread 0x0000017f12fc1220 Thread added: 0x0000017f12fc1220
Event: 16.177 Thread 0x0000017f12fc18b0 Thread added: 0x0000017f12fc18b0
Event: 16.272 Thread 0x0000017f117f6720 Thread added: 0x0000017f117f6720
Event: 16.327 Thread 0x0000017f12fc1f40 Thread added: 0x0000017f12fc1f40
Event: 16.400 Thread 0x0000017f7f7cc940 Thread added: 0x0000017f7f7cc940
Event: 16.939 Thread 0x0000017f7f7cc940 Thread exited: 0x0000017f7f7cc940
Event: 17.224 Thread 0x0000017f0f3657e0 Thread added: 0x0000017f0f3657e0
Event: 17.434 Thread 0x0000017f0f3657e0 Thread exited: 0x0000017f0f3657e0
Event: 17.620 Thread 0x0000017f117f6720 Thread exited: 0x0000017f117f6720
Event: 18.507 Thread 0x0000017f117f6720 Thread added: 0x0000017f117f6720
Event: 18.508 Thread 0x0000017f0f3657e0 Thread added: 0x0000017f0f3657e0


Dynamic libraries:
0x00007ff6bfd70000 - 0x00007ff6bfd7a000 	C:\Program Files\Android\Android Studio\jbr\bin\java.exe
0x00007ff823e60000 - 0x00007ff8240c7000 	C:\WINDOWS\SYSTEM32\ntdll.dll
0x00007ff822210000 - 0x00007ff8222d9000 	C:\WINDOWS\System32\KERNEL32.DLL
0x00007ff821300000 - 0x00007ff8216f4000 	C:\WINDOWS\System32\KERNELBASE.dll
0x00007ff821900000 - 0x00007ff821a4b000 	C:\WINDOWS\System32\ucrtbase.dll
0x00007ff81d3a0000 - 0x00007ff81d3bb000 	C:\Program Files\Android\Android Studio\jbr\bin\VCRUNTIME140.dll
0x00007ff8070d0000 - 0x00007ff8070e8000 	C:\Program Files\Android\Android Studio\jbr\bin\jli.dll
0x00007ff823b90000 - 0x00007ff823d55000 	C:\WINDOWS\System32\USER32.dll
0x00007ff807f30000 - 0x00007ff8081c3000 	C:\WINDOWS\WinSxS\amd64_microsoft.windows.common-controls_6595b64144ccf1df_6.0.26100.8115_none_3e075c82e3354f9c\COMCTL32.dll
0x00007ff822960000 - 0x00007ff822a09000 	C:\WINDOWS\System32\msvcrt.dll
0x00007ff821bc0000 - 0x00007ff821be7000 	C:\WINDOWS\System32\win32u.dll
0x00007ff822930000 - 0x00007ff82295b000 	C:\WINDOWS\System32\GDI32.dll
0x00007ff8207e0000 - 0x00007ff82090b000 	C:\WINDOWS\System32\gdi32full.dll
0x00007ff821a50000 - 0x00007ff821af3000 	C:\WINDOWS\System32\msvcp_win.dll
0x00007ff821bf0000 - 0x00007ff821c22000 	C:\WINDOWS\System32\IMM32.DLL
0x00007ff81d260000 - 0x00007ff81d26c000 	C:\Program Files\Android\Android Studio\jbr\bin\vcruntime140_1.dll
0x00007fffc0210000 - 0x00007fffc029d000 	C:\Program Files\Android\Android Studio\jbr\bin\msvcp140.dll
0x00007fff85c00000 - 0x00007fff8687d000 	C:\Program Files\Android\Android Studio\jbr\bin\server\jvm.dll
0x00007ff823d60000 - 0x00007ff823e16000 	C:\WINDOWS\System32\ADVAPI32.dll
0x00007ff821d10000 - 0x00007ff821db7000 	C:\WINDOWS\System32\sechost.dll
0x00007ff8231b0000 - 0x00007ff8232c8000 	C:\WINDOWS\System32\RPCRT4.dll
0x00007ff822180000 - 0x00007ff822200000 	C:\WINDOWS\System32\WS2_32.dll
0x00007ff817130000 - 0x00007ff817166000 	C:\WINDOWS\SYSTEM32\WINMM.dll
0x00007ff820590000 - 0x00007ff8205ee000 	C:\WINDOWS\SYSTEM32\POWRPROF.dll
0x00007ff80cd80000 - 0x00007ff80cd8b000 	C:\WINDOWS\SYSTEM32\VERSION.dll
0x00007ff820570000 - 0x00007ff820584000 	C:\WINDOWS\SYSTEM32\UMPDC.dll
0x00007ff81f490000 - 0x00007ff81f4ab000 	C:\WINDOWS\SYSTEM32\kernel.appcore.dll
0x00007ff810830000 - 0x00007ff81083a000 	C:\Program Files\Android\Android Studio\jbr\bin\jimage.dll
0x00007ff81e0a0000 - 0x00007ff81e2e2000 	C:\WINDOWS\SYSTEM32\DBGHELP.DLL
0x00007ff8224f0000 - 0x00007ff822872000 	C:\WINDOWS\System32\combase.dll
0x00007ff821c30000 - 0x00007ff821d08000 	C:\WINDOWS\System32\OLEAUT32.dll
0x00007ff802010000 - 0x00007ff80204b000 	C:\WINDOWS\SYSTEM32\dbgcore.DLL
0x00007ff820730000 - 0x00007ff8207d5000 	C:\WINDOWS\System32\bcryptPrimitives.dll
0x00007ff807190000 - 0x00007ff80719e000 	C:\Program Files\Android\Android Studio\jbr\bin\instrument.dll
0x00007ff80f650000 - 0x00007ff80f66f000 	C:\Program Files\Android\Android Studio\jbr\bin\java.dll
0x00007ff80dc90000 - 0x00007ff80dca8000 	C:\Program Files\Android\Android Studio\jbr\bin\zip.dll
0x00007ff8233d0000 - 0x00007ff823b37000 	C:\WINDOWS\System32\SHELL32.dll
0x00007ff821700000 - 0x00007ff82186a000 	C:\WINDOWS\System32\wintypes.dll
0x00007ff820910000 - 0x00007ff821178000 	C:\WINDOWS\System32\windows.storage.dll
0x00007ff822070000 - 0x00007ff822168000 	C:\WINDOWS\System32\SHCORE.dll
0x00007ff8228b0000 - 0x00007ff822916000 	C:\WINDOWS\System32\shlwapi.dll
0x00007ff820650000 - 0x00007ff820679000 	C:\WINDOWS\SYSTEM32\profapi.dll
0x00007ff80dc80000 - 0x00007ff80dc90000 	C:\Program Files\Android\Android Studio\jbr\bin\net.dll
0x00007ff81a680000 - 0x00007ff81a7ad000 	C:\WINDOWS\SYSTEM32\WINHTTP.dll
0x00007ff81fa10000 - 0x00007ff81fa7c000 	C:\WINDOWS\system32\mswsock.dll
0x00007ff808790000 - 0x00007ff8087a6000 	C:\Program Files\Android\Android Studio\jbr\bin\nio.dll
0x00007ff8071d0000 - 0x00007ff8071e0000 	C:\Program Files\Android\Android Studio\jbr\bin\verify.dll
0x00007ff8089c0000 - 0x00007ff8089e7000 	C:\Users\vinay\.gradle\native\1def1411415f61bf3af743bc5b6707747c0891f09f0c88961ee8f79bc544acac\windows-amd64\native-platform.dll
0x00007fffc4210000 - 0x00007fffc4287000 	C:\Users\vinay\.gradle\native\0.2.8\x86_64-windows-gnu\gradle-fileevents.dll
0x00007ff808840000 - 0x00007ff808849000 	C:\Program Files\Android\Android Studio\jbr\bin\management.dll
0x00007ff808760000 - 0x00007ff80876b000 	C:\Program Files\Android\Android Studio\jbr\bin\management_ext.dll
0x00007ff822880000 - 0x00007ff822888000 	C:\WINDOWS\System32\PSAPI.DLL
0x00007ff81ee70000 - 0x00007ff81eea2000 	C:\WINDOWS\SYSTEM32\IPHLPAPI.DLL
0x00007ff822f20000 - 0x00007ff822f2a000 	C:\WINDOWS\System32\NSI.dll
0x00007ff808960000 - 0x00007ff808969000 	C:\Program Files\Android\Android Studio\jbr\bin\extnet.dll
0x00007ff81fcf0000 - 0x00007ff81fd0b000 	C:\WINDOWS\SYSTEM32\CRYPTSP.dll
0x00007ff81f3f0000 - 0x00007ff81f429000 	C:\WINDOWS\system32\rsaenh.dll
0x00007ff81fac0000 - 0x00007ff81faf3000 	C:\WINDOWS\SYSTEM32\USERENV.dll
0x00007ff820620000 - 0x00007ff82064a000 	C:\WINDOWS\SYSTEM32\bcrypt.dll
0x00007ff81fd30000 - 0x00007ff81fd3c000 	C:\WINDOWS\SYSTEM32\CRYPTBASE.dll
0x00007fffed110000 - 0x00007fffed118000 	C:\WINDOWS\system32\wshunix.dll
0x00007ff81ef00000 - 0x00007ff81f032000 	C:\WINDOWS\SYSTEM32\DNSAPI.dll
0x00007ff8161b0000 - 0x00007ff8161bb000 	C:\Windows\System32\rasadhlp.dll
0x00007ff81c4f0000 - 0x00007ff81c576000 	C:\WINDOWS\System32\fwpuclnt.dll

dbghelp: loaded successfully - version: 4.0.5 - missing functions: none
symbol engine: initialized successfully - sym options: 0x614 - pdb path: .;C:\Program Files\Android\Android Studio\jbr\bin;C:\WINDOWS\SYSTEM32;C:\WINDOWS\WinSxS\amd64_microsoft.windows.common-controls_6595b64144ccf1df_6.0.26100.8115_none_3e075c82e3354f9c;C:\Program Files\Android\Android Studio\jbr\bin\server;C:\Users\vinay\.gradle\native\1def1411415f61bf3af743bc5b6707747c0891f09f0c88961ee8f79bc544acac\windows-amd64;C:\Users\vinay\.gradle\native\0.2.8\x86_64-windows-gnu

VM Arguments:
jvm_args: --add-opens=java.base/java.lang=ALL-UNNAMED --add-opens=java.base/java.lang.invoke=ALL-UNNAMED --add-opens=java.base/java.util=ALL-UNNAMED --add-opens=java.prefs/java.util.prefs=ALL-UNNAMED --add-exports=jdk.compiler/com.sun.tools.javac.api=ALL-UNNAMED --add-exports=jdk.compiler/com.sun.tools.javac.util=ALL-UNNAMED --add-opens=java.base/java.util=ALL-UNNAMED --add-opens=java.prefs/java.util.prefs=ALL-UNNAMED --add-opens=java.base/java.nio.charset=ALL-UNNAMED --add-opens=java.base/java.net=ALL-UNNAMED --add-opens=java.base/java.util.concurrent=ALL-UNNAMED --add-opens=java.base/java.util.concurrent.atomic=ALL-UNNAMED --add-opens=java.xml/javax.xml.namespace=ALL-UNNAMED --add-opens=java.base/java.time=ALL-UNNAMED -Xmx1024m -Dfile.encoding=UTF-8 -Duser.country=IN -Duser.language=en -Duser.variant -javaagent:C:\Users\vinay\.gradle\wrapper\dists\gradle-9.1.0-bin\9agqghryom9wkf8r80qlhnts3\gradle-9.1.0\lib\agents\gradle-instrumentation-agent-9.1.0.jar 
java_command: org.gradle.launcher.daemon.bootstrap.GradleDaemon 9.1.0
java_class_path (initial): C:\Users\vinay\.gradle\wrapper\dists\gradle-9.1.0-bin\9agqghryom9wkf8r80qlhnts3\gradle-9.1.0\lib\gradle-daemon-main-9.1.0.jar
Launcher Type: SUN_STANDARD

[Global flags]
     intx CICompilerCount                          = 4                                         {product} {ergonomic}
     uint ConcGCThreads                            = 3                                         {product} {ergonomic}
     uint G1ConcRefinementThreads                  = 10                                        {product} {ergonomic}
   size_t G1HeapRegionSize                         = 1048576                                   {product} {ergonomic}
    uintx GCDrainStackTargetSize                   = 64                                        {product} {ergonomic}
   size_t InitialHeapSize                          = 264241152                                 {product} {ergonomic}
   size_t MarkStackSize                            = 4194304                                   {product} {ergonomic}
   size_t MaxHeapSize                              = 1073741824                                {product} {command line}
   size_t MaxNewSize                               = 643825664                                 {product} {ergonomic}
   size_t MinHeapDeltaBytes                        = 1048576                                   {product} {ergonomic}
   size_t MinHeapSize                              = 8388608                                   {product} {ergonomic}
    uintx NonNMethodCodeHeapSize                   = 5839372                                {pd product} {ergonomic}
    uintx NonProfiledCodeHeapSize                  = 122909434                              {pd product} {ergonomic}
    uintx ProfiledCodeHeapSize                     = 122909434                              {pd product} {ergonomic}
    uintx ReservedCodeCacheSize                    = 251658240                              {pd product} {ergonomic}
     bool SegmentedCodeCache                       = true                                      {product} {ergonomic}
   size_t SoftMaxHeapSize                          = 1073741824                             {manageable} {ergonomic}
     bool UseCompressedOops                        = true                           {product lp64_product} {ergonomic}
     bool UseG1GC                                  = true                                      {product} {ergonomic}
     bool UseLargePagesIndividualAllocation        = false                                  {pd product} {ergonomic}

Logging:
Log output configuration:
 #0: stdout all=warning uptime,level,tags foldmultilines=false
 #1: stderr all=off uptime,level,tags foldmultilines=false

Environment Variables:
JAVA_HOME=C:\Program Files\Microsoft\jdk-11.0.29.7-hotspot\
PATH=C:\Program Files\Microsoft\jdk-11.0.29.7-hotspot\bin;C:\Program Files (x86)\VMware\VMware Workstation\bin\;C:\Program Files (x86)\Common Files\Oracle\Java\java8path;C:\Program Files (x86)\Common Files\Oracle\Java\javapath;C:\app\vinay\product\21c\dbhomeXE\bin;C:\Python312\Scripts\;C:\Python312\;C:\WINDOWS\system32;C:\WINDOWS;C:\WINDOWS\System32\Wbem;C:\WINDOWS\System32\WindowsPowerShell\v1.0\;C:\WINDOWS\System32\OpenSSH\;C:\ProgramData\chocolatey\bin;C:\Program Files\nodejs\;C:\Program Files\Git\cmd;C:\Users\vinay\AppData\Roaming\Microsoft\Windows\Start Menu\Programs\Nmap;C:\Users\vinay\Desktop\CDAC\test1;C:\Program Files (x86)\cloudflared\;C:\Users\vinay\AppData\Roaming\npm;C:\flutter\bin;C:\Program Files (x86)\Nmap;C:\Users\vinay\AppData\Local\Microsoft\WindowsApps;C:\Users\vinay\AppData\Local\Programs\Ollama;C:\Users\vinay\AppData\Local\Microsoft\WinGet\Packages\Ngrok.Ngrok_Microsoft.Winget.Source_8wekyb3d8bbwe;C:\Users\vinay\AppData\Local\GitHubDesktop\bin;C:\Users\vinay\AppData\Local\Programs\Microsoft VS Code\bin;C:\Users\vinay\AppData\Local\Programs\Antigravity\bin
USERNAME=vinay
OS=Windows_NT
PROCESSOR_IDENTIFIER=Intel64 Family 6 Model 154 Stepping 3, GenuineIntel
TMP=C:\Users\vinay\AppData\Local\Temp
TEMP=C:\Users\vinay\AppData\Local\Temp




Periodic native trim disabled

JNI global refs:
JNI global refs: 28, weak refs: 0

JNI global refs memory usage: 835, weak refs: 833

Process memory usage:
Resident Set Size: 552836K (3% of 16494456K total physical memory with 1827580K free physical memory)

OOME stack traces (most recent first):
Classloader memory used:
Loader org.gradle.internal.classloader.VisitableURLClassLoader                         : 45129K
Loader bootstrap                                                                       : 28995K
Loader org.gradle.internal.classloader.VisitableURLClassLoader$InstrumentingVisitableURLClassLoader: 25633K
Loader org.gradle.initialization.MixInLegacyTypesClassLoader                           : 12269K
Loader org.gradle.internal.classloader.VisitableURLClassLoader                         : 5401K
Loader jdk.internal.loader.ClassLoaders$PlatformClassLoader                            : 692K
Loader jdk.internal.reflect.DelegatingClassLoader                                      : 362K
Loader jdk.internal.loader.ClassLoaders$AppClassLoader                                 : 230K
Loader org.gradle.groovy.scripts.internal.DefaultScriptCompilationHandler$ScriptClassLoader: 215K
Loader org.codehaus.groovy.runtime.callsite.CallSiteClassLoader                        : 7072B

Classes loaded by more than one classloader:
Class com.google.common.collect.RegularImmutableSet                                   : loaded 3 times (x 146B)
Class com.google.common.collect.ImmutableList$SubList                                 : loaded 3 times (x 206B)
Class com.google.common.collect.ImmutableSet$SetBuilderImpl                           : loaded 3 times (x 73B)
Class com.google.common.collect.ImmutableList                                         : loaded 3 times (x 203B)
Class com.google.common.collect.PeekingIterator                                       : loaded 3 times (x 67B)
Class com.google.common.base.Preconditions                                            : loaded 3 times (x 68B)
Class com.google.common.collect.ImmutableSet$RegularSetBuilderImpl                    : loaded 3 times (x 74B)
Class org.gradle.internal.IoActions                                                   : loaded 3 times (x 68B)
Class org.gradle.api.GradleException                                                  : loaded 3 times (x 79B)
Class com.google.common.base.Predicate                                                : loaded 3 times (x 67B)
Class org.gradle.internal.Cast                                                        : loaded 3 times (x 68B)
Class org.gradle.api.Action                                                           : loaded 3 times (x 67B)
Class com.google.common.collect.ImmutableSet                                          : loaded 3 times (x 142B)
Class com.google.common.collect.RegularImmutableList                                  : loaded 3 times (x 210B)
Class com.google.common.base.Function                                                 : loaded 3 times (x 67B)
Class com.google.common.collect.Iterators$MergingIterator                             : loaded 3 times (x 78B)
Class com.google.common.collect.ImmutableAsList                                       : loaded 3 times (x 206B)
Class com.google.common.collect.Iterators$9                                           : loaded 3 times (x 78B)
Class com.google.common.collect.ImmutableSet$CachingAsList                            : loaded 3 times (x 145B)
Class com.google.common.collect.Lists                                                 : loaded 3 times (x 68B)
Class com.google.common.collect.ImmutableList$1                                       : loaded 3 times (x 94B)
Class com.google.common.collect.ImmutableCollection                                   : loaded 3 times (x 122B)
Class com.google.common.collect.Iterators$5                                           : loaded 3 times (x 79B)
Class com.google.common.collect.Iterators$4                                           : loaded 3 times (x 79B)
Class com.google.common.collect.SingletonImmutableSet                                 : loaded 3 times (x 143B)
Class com.google.common.collect.Iterators$1                                           : loaded 3 times (x 78B)
Class com.google.common.collect.ImmutableList$ReverseImmutableList                    : loaded 3 times (x 206B)
Class com.google.common.collect.SingletonImmutableList                                : loaded 3 times (x 204B)
Class com.google.common.collect.AbstractIndexedListIterator                           : loaded 3 times (x 93B)
Class com.google.common.collect.AbstractIterator                                      : loaded 3 times (x 79B)
Class com.google.common.collect.Lists$StringAsImmutableList                           : loaded 3 times (x 204B)
Class com.google.common.collect.Iterators                                             : loaded 3 times (x 68B)
Class com.google.common.collect.RegularImmutableAsList                                : loaded 3 times (x 214B)
Class com.google.common.collect.ImmutableList$Builder                                 : loaded 3 times (x 74B)
Class com.google.common.collect.Iterators$SingletonIterator                           : loaded 3 times (x 78B)
Class com.google.common.collect.UnmodifiableIterator                                  : loaded 3 times (x 77B)
Class com.google.common.collect.UnmodifiableListIterator                              : loaded 3 times (x 92B)
Class com.google.common.collect.ImmutableCollection$Builder                           : loaded 3 times (x 73B)
Class com.google.common.collect.Iterators$ArrayItr                                    : loaded 3 times (x 94B)
Class org.gradle.tooling.internal.adapter.MethodInvocation                            : loaded 2 times (x 82B)
Class org.gradle.internal.operations.MultipleBuildOperationFailures                   : loaded 2 times (x 92B)
Class com.google.common.base.Platform$JdkPatternCompiler                              : loaded 2 times (x 72B)
Class org.objectweb.asm.MethodTooLargeException                                       : loaded 2 times (x 80B)
Class [Lcom.google.common.cache.CacheBuilder$OneWeigher;                              : loaded 2 times (x 66B)
Class com.google.common.base.Suppliers                                                : loaded 2 times (x 68B)
Class org.jetbrains.kotlin.idea.gradleTooling.AndroidAwareGradleModelProvider$Companion: loaded 2 times (x 68B)
Class [Lcom.amazon.ion.impl.bin.IonRawBinaryWriter$StreamCloseMode;                   : loaded 2 times (x 66B)
Class com.amazon.ion.impl.lite.IonSymbolLite                                          : loaded 2 times (x 243B)
Class com.amazon.ion.impl.bin.IonManagedBinaryWriter$ImportedSymbolResolverMode$1     : loaded 2 times (x 77B)
Class com.intellij.util.containers.IntObjectHashMap$ArrayProducer                     : loaded 2 times (x 67B)
Class org.jetbrains.kotlin.idea.gradleTooling.model.noarg.NoArgModel                  : loaded 2 times (x 67B)
Class org.gradle.internal.classloader.DefaultClassLoaderFactory                       : loaded 2 times (x 79B)
Class com.amazon.ion.impl.bin.IonManagedBinaryWriter$ImportedSymbolResolverMode$2     : loaded 2 times (x 77B)
Class com.google.common.collect.ReverseNaturalOrdering                                : loaded 2 times (x 111B)
Class kotlin.text.MatcherMatchResult$groupValues$1                                    : loaded 2 times (x 195B)
Class kotlin.sequences.SequencesKt___SequencesKt                                      : loaded 2 times (x 68B)
Class kotlin.collections.AbstractList$Companion                                       : loaded 2 times (x 68B)
Class org.gradle.internal.classloader.ClassLoaderVisitor                              : loaded 2 times (x 73B)
Class [Lcom.google.common.collect.ImmutableMapEntry;                                  : loaded 2 times (x 66B)
Class [Lcom.android.ide.common.repository.AgpVersion$PreviewKind;                     : loaded 2 times (x 66B)
Class org.jetbrains.plugins.gradle.tooling.serialization.internal.IdeaProjectSerializationService: loaded 2 times (x 74B)
Class com.google.common.collect.Ordering                                              : loaded 2 times (x 111B)
Class kotlin.sequences.SequencesKt___SequencesKt$flatMap$2                            : loaded 2 times (x 122B)
Class org.gradle.api.internal.classpath.EffectiveClassPath                            : loaded 2 times (x 87B)
Class com.android.builder.model.v2.models.AndroidDsl                                  : loaded 2 times (x 67B)
Class [Lorg.apache.commons.io.StandardLineSeparator;                                  : loaded 2 times (x 66B)
Class org.apache.commons.io.output.StringBuilderWriter                                : loaded 2 times (x 97B)
Class com.google.common.collect.ListMultimap                                          : loaded 2 times (x 67B)
Class com.google.common.collect.ImmutableEnumMap                                      : loaded 2 times (x 123B)
Class com.amazon.ion.impl.lite.IonSystemLite                                          : loaded 2 times (x 272B)
Class com.amazon.ion.impl.bin.IonRawBinaryWriter$PreallocationMode                    : loaded 2 times (x 79B)
Class com.amazon.ion.impl.bin._Private_IonRawWriter                                   : loaded 2 times (x 67B)
Class com.amazon.ion.IonWriter                                                        : loaded 2 times (x 67B)
Class com.google.common.collect.ImmutableRangeSet                                     : loaded 2 times (x 112B)
Class org.gradle.tooling.internal.gradle.DefaultProjectIdentifier                     : loaded 2 times (x 83B)
Class build_73rwmyvy5qdm6nu0xmwj7zq7s                                                 : loaded 2 times (x 169B)
Class com.google.common.collect.Sets$1                                                : loaded 2 times (x 136B)
Class org.objectweb.asm.AnnotationVisitor                                             : loaded 2 times (x 75B)
Class com.amazon.ion.impl._Private_IonContainer                                       : loaded 2 times (x 67B)
Class com.intellij.gradle.toolingExtension.impl.model.buildScriptClasspathModel.GradleBuildScriptClasspathSerializationService$ReadContext: loaded 2 times (x 69B)
Class org.gradle.internal.impldep.gnu.trove.TObjectIntHashMap                         : loaded 2 times (x 106B)
Class org.jetbrains.kotlin.idea.gradleTooling.model.allopen.AllOpenModel              : loaded 2 times (x 67B)
Class com.google.common.collect.ComparatorOrdering                                    : loaded 2 times (x 112B)
Class org.gradle.api.internal.DefaultClassPathProvider                                : loaded 2 times (x 73B)
Class com.android.builder.model.v2.models.BasicAndroidProject                         : loaded 2 times (x 67B)
Class com.google.common.collect.Sets$2                                                : loaded 2 times (x 136B)
Class com.amazon.ion.impl.SharedSymbolTable                                           : loaded 2 times (x 90B)
Class com.amazon.ion.impl.bin.IonRawBinaryWriter                                      : loaded 2 times (x 166B)
Class com.amazon.ion.SymbolToken                                                      : loaded 2 times (x 67B)
Class com.google.common.collect.NaturalOrdering                                       : loaded 2 times (x 112B)
Class kotlin.text.MatchResult                                                         : loaded 2 times (x 67B)
Class kotlin.sequences.SequenceScope                                                  : loaded 2 times (x 70B)
Class kotlin.sequences.Sequence                                                       : loaded 2 times (x 67B)
Class [Lorg.gradle.api.internal.ClassPathProvider;                                    : loaded 2 times (x 66B)
Class org.gradle.api.internal.ClassPathProvider                                       : loaded 2 times (x 67B)
Class [Lorg.objectweb.asm.AnnotationVisitor;                                          : loaded 2 times (x 66B)
Class com.google.common.collect.Sets$3                                                : loaded 2 times (x 136B)
Class com.google.common.cache.LocalCache$LocalLoadingCache                            : loaded 2 times (x 131B)
Class com.amazon.ion.impl.lite.IonBoolLite                                            : loaded 2 times (x 175B)
Class org.gradle.internal.impldep.gnu.trove.TObjectHash$NULL                          : loaded 2 times (x 68B)
Class kotlin.collections.CollectionsKt___CollectionsKt$asSequence$$inlined$Sequence$1 : loaded 2 times (x 72B)
Class org.gradle.internal.service.UnknownServiceException                             : loaded 2 times (x 80B)
Class com.google.common.collect.Sets$4                                                : loaded 2 times (x 136B)
Class org.objectweb.asm.ModuleVisitor                                                 : loaded 2 times (x 78B)
Class com.google.common.cache.LocalCache$Strength$1                                   : loaded 2 times (x 78B)
Class org.gradle.internal.impldep.gnu.trove.PrimeFinder                               : loaded 2 times (x 68B)
Class org.jetbrains.kotlin.idea.gradleTooling.model.kapt.KaptGradleModel              : loaded 2 times (x 67B)
Class org.jetbrains.kotlin.idea.gradleTooling.KotlinDslScriptAdditionalTask           : loaded 2 times (x 67B)
Class org.jetbrains.plugins.gradle.model.ClasspathEntryModel                          : loaded 2 times (x 67B)
Class ijInit1_7azjhixggdyiec53irkastxrh                                               : loaded 2 times (x 168B)
Class org.apache.commons.io.output.QueueOutputStream                                  : loaded 2 times (x 84B)
Class com.google.common.util.concurrent.SettableFuture                                : loaded 2 times (x 111B)
Class com.google.common.cache.LocalCache$Strength$2                                   : loaded 2 times (x 78B)
Class com.amazon.ion.IonTimestamp                                                     : loaded 2 times (x 67B)
Class com.amazon.ion.impl.bin.PooledBlockAllocatorProvider$PooledBlockAllocator       : loaded 2 times (x 78B)
Class org.jetbrains.plugins.gradle.tooling.serialization.GradleExtensionsSerializationService: loaded 2 times (x 74B)
Class org.gradle.api.JavaVersion                                                      : loaded 2 times (x 76B)
Class org.gradle.tooling.model.Dependency                                             : loaded 2 times (x 67B)
Class com.google.common.cache.LocalCache$Strength$3                                   : loaded 2 times (x 78B)
Class com.google.common.collect.MapDifference                                         : loaded 2 times (x 67B)
Class com.amazon.ion.IonDatagram                                                      : loaded 2 times (x 67B)
Class com.amazon.ion.impl._Private_RecyclingStack$ElementFactory                      : loaded 2 times (x 67B)
Class com.amazon.ion.impl.bin.IonManagedBinaryWriter$ImportedSymbolResolverMode$1$1   : loaded 2 times (x 75B)
Class com.amazon.ion.impl._Private_ByteTransferSink                                   : loaded 2 times (x 67B)
Class com.intellij.openapi.externalSystem.model.project.dependencies.ResolutionState  : loaded 2 times (x 76B)
Class com.google.common.collect.AllEqualOrdering                                      : loaded 2 times (x 111B)
Class kotlin.collections.ArraysKt___ArraysJvmKt                                       : loaded 2 times (x 68B)
Class kotlin.collections.CollectionsKt__CollectionsKt                                 : loaded 2 times (x 68B)
Class org.objectweb.asm.FieldWriter                                                   : loaded 2 times (x 75B)
Class com.google.common.cache.CacheBuilder$NullListener                               : loaded 2 times (x 79B)
Class org.jetbrains.plugins.gradle.model.ExternalLibraryDependency                    : loaded 2 times (x 67B)
Class kotlin.text.Regex$Companion                                                     : loaded 2 times (x 68B)
Class org.gradle.internal.classpath.TransformedClassPath                              : loaded 2 times (x 93B)
Class org.gradle.internal.classloader.InstrumentingClassLoader                        : loaded 2 times (x 67B)
Class org.apache.commons.io.output.UnsynchronizedByteArrayOutputStream                : loaded 2 times (x 99B)
Class com.google.common.cache.CacheLoader$FunctionToCacheLoader                       : loaded 2 times (x 72B)
Class kotlin.sequences.TransformingSequence                                           : loaded 2 times (x 72B)
Class com.intellij.util.ThrowableConsumer                                             : loaded 2 times (x 67B)
Class com.amazon.ion.IonValue                                                         : loaded 2 times (x 67B)
Class com.google.common.collect.ImmutableRangeSet$AsSet                               : loaded 2 times (x 297B)
Class kotlin.jvm.internal.FunctionReference                                           : loaded 2 times (x 119B)
Class [Lkotlin.coroutines.intrinsics.CoroutineSingletons;                             : loaded 2 times (x 66B)
Class kotlin.jvm.internal.FunctionBase                                                : loaded 2 times (x 67B)
Class kotlin.enums.EnumEntriesList                                                    : loaded 2 times (x 220B)
Class org.apache.commons.io.output.ByteArrayOutputStream                              : loaded 2 times (x 99B)
Class com.google.common.base.Joiner                                                   : loaded 2 times (x 76B)
Class com.google.common.base.MoreObjects                                              : loaded 2 times (x 68B)
Class com.amazon.ion.impl.bin.IonRawBinaryWriter$ContainerType                        : loaded 2 times (x 76B)
Class com.amazon.ion.impl._Private_IonTextWriterBuilder$Mutable                       : loaded 2 times (x 98B)
Class kotlin.collections.CollectionsKt__IteratorsJVMKt                                : loaded 2 times (x 68B)
Class com.google.common.collect.Platform                                              : loaded 2 times (x 68B)
Class [Lorg.objectweb.asm.Type;                                                       : loaded 2 times (x 66B)
Class org.objectweb.asm.ClassVisitor                                                  : loaded 2 times (x 85B)
Class org.jetbrains.plugins.gradle.model.IntelliJSettings                             : loaded 2 times (x 67B)
Class org.jetbrains.kotlin.idea.gradleTooling.KotlinSourceSetContainer                : loaded 2 times (x 67B)
Class kotlin.Result                                                                   : loaded 2 times (x 69B)
Class org.gradle.internal.service.ServiceLocator                                      : loaded 2 times (x 67B)
Class com.google.common.base.Ascii                                                    : loaded 2 times (x 68B)
Class com.google.common.collect.SingletonImmutableBiMap                               : loaded 2 times (x 140B)
Class com.google.common.cache.LocalCache$1                                            : loaded 2 times (x 86B)
Class [Lorg.objectweb.asm.Symbol;                                                     : loaded 2 times (x 66B)
Class com.google.common.collect.AbstractMapEntry                                      : loaded 2 times (x 78B)
Class com.amazon.ion.impl.IonWriterSystem                                             : loaded 2 times (x 168B)
Class com.amazon.ion.impl.bin.Symbols$2                                               : loaded 2 times (x 104B)
Class com.amazon.ion.impl.bin._Private_IonManagedWriter                               : loaded 2 times (x 67B)
Class org.jetbrains.kotlin.android.synthetic.idea.AndroidExtensionsGradleModel        : loaded 2 times (x 67B)
Class com.intellij.gradle.toolingExtension.util.GradleVersionUtil                     : loaded 2 times (x 68B)
Class kotlin.sequences.TransformingSequence$iterator$1                                : loaded 2 times (x 76B)
Class kotlin.Pair                                                                     : loaded 2 times (x 69B)
Class org.gradle.tooling.internal.adapter.ProtocolToModelAdapter$SupportedPropertyInvoker: loaded 2 times (x 73B)
Class org.gradle.tooling.model.UnsupportedMethodException                             : loaded 2 times (x 79B)
Class com.google.common.collect.Sets$ImprovedAbstractSet                              : loaded 2 times (x 132B)
Class org.gradle.tooling.internal.adapter.TargetTypeProvider                          : loaded 2 times (x 67B)
Class com.google.common.collect.AbstractMultimap                                      : loaded 2 times (x 120B)
Class com.google.common.cache.LocalCache$2                                            : loaded 2 times (x 139B)
Class com.amazon.ion.impl.lite.IonContainerLite                                       : loaded 2 times (x 245B)
Class com.amazon.ion.IonBufferConfiguration$OversizedSymbolTableHandler               : loaded 2 times (x 67B)
Class com.amazon.ion.system.IonWriterBuilder                                          : loaded 2 times (x 71B)
Class org.jetbrains.plugins.gradle.tooling.serialization.ToolingStreamApiUtils        : loaded 2 times (x 68B)
Class com.amazon.ion.facet.Faceted                                                    : loaded 2 times (x 67B)
Class kotlin.collections.CollectionsKt__MutableCollectionsKt                          : loaded 2 times (x 68B)
Class org.jetbrains.plugins.gradle.model.AnnotationProcessingModel                    : loaded 2 times (x 67B)
Class com.amazon.ion.impl.bin.utf8.Poolable                                           : loaded 2 times (x 76B)
Class com.amazon.ion.IonSymbol                                                        : loaded 2 times (x 67B)
Class org.jetbrains.plugins.gradle.tooling.serialization.AnnotationProcessingModelSerializationService$WriteContext: loaded 2 times (x 69B)
Class org.gradle.internal.impldep.gnu.trove.THash                                     : loaded 2 times (x 78B)
Class com.google.common.collect.ImmutableRangeSet$1                                   : loaded 2 times (x 207B)
Class kotlin.reflect.KCallable                                                        : loaded 2 times (x 67B)
Class com.google.common.util.concurrent.AbstractFuture$Trusted                        : loaded 2 times (x 67B)
Class org.jetbrains.plugins.gradle.model.GradleExtensions                             : loaded 2 times (x 67B)
Class com.amazon.ion.impl.lite.IonStructLite                                          : loaded 2 times (x 295B)
Class com.amazon.ion.impl._Private_ReaderWriter                                       : loaded 2 times (x 67B)
Class com.amazon.ion.impl.bin.AbstractSymbolTable                                     : loaded 2 times (x 104B)
Class com.amazon.ion.Decimal                                                          : loaded 2 times (x 130B)
Class com.amazon.ion.impl.bin._Private_IonManagedBinaryWriterBuilder$AllocatorMode$1  : loaded 2 times (x 77B)
Class org.jetbrains.plugins.gradle.tooling.serialization.ProjectDependenciesSerializationService$WriteContext: loaded 2 times (x 69B)
Class org.jetbrains.plugins.gradle.tooling.serialization.ProjectDependenciesSerializationService: loaded 2 times (x 74B)
Class com.google.common.collect.Range                                                 : loaded 2 times (x 84B)
Class org.gradle.tooling.internal.adapter.CollectionMapper                            : loaded 2 times (x 70B)
Class com.amazon.ion.system.IonBinaryWriterBuilder                                    : loaded 2 times (x 94B)
Class com.google.common.util.concurrent.UncheckedExecutionException                   : loaded 2 times (x 79B)
Class com.amazon.ion.impl.lite.IonFloatLite                                           : loaded 2 times (x 183B)
Class com.amazon.ion.impl._Private_IonTextWriterBuilder                               : loaded 2 times (x 98B)
Class com.amazon.ion.impl.bin._Private_IonManagedBinaryWriterBuilder$AllocatorMode$2  : loaded 2 times (x 77B)
Class org.gradle.internal.impldep.gnu.trove.Equality                                  : loaded 2 times (x 67B)
Class com.google.common.collect.ExplicitOrdering                                      : loaded 2 times (x 112B)
Class com.amazon.ion.impl._Private_RecyclingStack                                     : loaded 2 times (x 69B)
Class com.amazon.ion.impl._Private_IonReaderBuilder                                   : loaded 2 times (x 92B)
Class com.amazon.ion.IonMutableCatalog                                                : loaded 2 times (x 67B)
Class com.intellij.gradle.toolingExtension.impl.model.buildScriptClasspathModel.GradleBuildScriptClasspathSerializationService$WriteContext: loaded 2 times (x 69B)
Class org.gradle.tooling.internal.adapter.ProtocolToModelAdapter                      : loaded 2 times (x 77B)
Class org.gradle.internal.InternalTransformer                                         : loaded 2 times (x 67B)
Class com.google.common.collect.AbstractMapBasedMultimap$KeySet$1                     : loaded 2 times (x 79B)
Class org.objectweb.asm.ClassWriter                                                   : loaded 2 times (x 103B)
Class com.google.common.base.CharMatcher$And                                          : loaded 2 times (x 109B)
Class com.google.common.cache.CacheLoader$UnsupportedLoadingOperationException        : loaded 2 times (x 79B)
Class org.gradle.internal.impldep.gnu.trove.TObjectCanonicalHashingStrategy           : loaded 2 times (x 77B)
Class kotlin.collections.MapsKt__MapsJVMKt                                            : loaded 2 times (x 68B)
Class kotlin.collections.EmptyList                                                    : loaded 2 times (x 171B)
Class org.gradle.internal.time.DefaultTimer                                           : loaded 2 times (x 77B)
Class org.gradle.internal.classloader.ClasspathUtil$1                                 : loaded 2 times (x 73B)
Class com.google.common.base.Objects                                                  : loaded 2 times (x 68B)
Class org.objectweb.asm.FieldVisitor                                                  : loaded 2 times (x 74B)
Class com.google.common.collect.IndexedImmutableSet                                   : loaded 2 times (x 149B)
Class com.google.common.collect.ImmutableMap$1                                        : loaded 2 times (x 78B)
Class com.google.common.collect.BiMap                                                 : loaded 2 times (x 67B)
Class com.amazon.ion.impl.bin.PooledBlockAllocatorProvider$PooledBlockAllocator$1     : loaded 2 times (x 76B)
Class com.amazon.ion.impl.lite.IonStringLite                                          : loaded 2 times (x 209B)
Class org.gradle.tooling.internal.adapter.ProtocolToModelAdapter$ViewKey              : loaded 2 times (x 69B)
Class org.gradle.api.internal.classpath.DefaultModuleRegistry$DefaultModule           : loaded 2 times (x 83B)
Class com.google.common.primitives.Ints                                               : loaded 2 times (x 68B)
Class com.amazon.ion.impl.bin.IonManagedBinaryWriter$UserState$4                      : loaded 2 times (x 82B)
Class com.android.ide.common.repository.AgpVersion                                    : loaded 2 times (x 72B)
Class com.amazon.ion.impl.bin.Block                                                   : loaded 2 times (x 76B)
Class org.jetbrains.kotlin.idea.gradleTooling.model.lombok.LombokModel                : loaded 2 times (x 67B)
Class com.google.common.collect.NullsFirstOrdering                                    : loaded 2 times (x 112B)
Class kotlin.ResultKt                                                                 : loaded 2 times (x 68B)
Class org.gradle.tooling.internal.adapter.ProtocolToModelAdapter$PropertyCachingMethodInvoker: loaded 2 times (x 73B)
Class com.android.builder.model.v2.models.ProjectSyncIssues                           : loaded 2 times (x 67B)
Class com.google.common.collect.ObjectArrays                                          : loaded 2 times (x 68B)
Class com.google.common.math.MathPreconditions                                        : loaded 2 times (x 68B)
Class com.google.common.collect.Multiset                                              : loaded 2 times (x 67B)
Class com.google.common.collect.ArrayListMultimapGwtSerializationDependencies         : loaded 2 times (x 169B)
Class com.google.common.collect.ImmutableMap$MapViewOfValuesAsSingletonSets           : loaded 2 times (x 123B)
Class com.amazon.ion.impl.bin.utf8.Utf8StringEncoderPool$1                            : loaded 2 times (x 73B)
Class com.amazon.ion.impl.lite.IonLoaderLite                                          : loaded 2 times (x 79B)
Class com.amazon.ion.impl.lite.IonContext                                             : loaded 2 times (x 67B)
Class com.amazon.ion.impl.IonWriterSystemText                                         : loaded 2 times (x 187B)
Class [Lcom.amazon.ion.impl.bin.IonManagedBinaryWriter$ImportedSymbolResolverMode;    : loaded 2 times (x 66B)
Class com.amazon.ion.ValueFactory                                                     : loaded 2 times (x 67B)
Class org.jetbrains.plugins.gradle.model.ExternalTask                                 : loaded 2 times (x 67B)
Class kotlin.collections.ArraysKt__ArraysKt                                           : loaded 2 times (x 68B)
Class kotlin.Result$Failure                                                           : loaded 2 times (x 69B)
Class org.gradle.internal.time.DefaultCountdownTimer                                  : loaded 2 times (x 85B)
Class org.apache.commons.io.output.NullOutputStream                                   : loaded 2 times (x 82B)
Class com.google.common.collect.ImmutableMapEntrySet                                  : loaded 2 times (x 149B)
Class com.amazon.ion.impl._Private_IonReaderBuilder$TwoElementSequenceInputStream     : loaded 2 times (x 89B)
Class com.amazon.ion.impl.bin.IonManagedBinaryWriter$SymbolResolver                   : loaded 2 times (x 67B)
Class com.amazon.ion.impl._Private_SymbolToken                                        : loaded 2 times (x 67B)
Class com.amazon.ion.impl.bin._Private_IonManagedBinaryWriterBuilder$AllocatorMode    : loaded 2 times (x 77B)
Class org.jetbrains.plugins.gradle.tooling.util.ObjectCollector                       : loaded 2 times (x 69B)
Class org.jetbrains.plugins.gradle.model.GradleTaskModel                              : loaded 2 times (x 67B)
Class kotlin.collections.SetsKt__SetsJVMKt                                            : loaded 2 times (x 68B)
Class org.gradle.tooling.internal.adapter.ProtocolToModelAdapter$AdaptingMethodInvoker: loaded 2 times (x 73B)
Class org.gradle.tooling.internal.gradle.DefaultBuildIdentifier                       : loaded 2 times (x 76B)
Class kotlin.Function                                                                 : loaded 2 times (x 67B)
Class org.gradle.api.internal.classpath.Module                                        : loaded 2 times (x 67B)
Class com.google.common.cache.Weigher                                                 : loaded 2 times (x 67B)
Class com.intellij.openapi.externalSystem.model.project.IExternalSystemSourceType     : loaded 2 times (x 67B)
Class com.amazon.ion.impl._Private_IonReaderBuilder$Mutable                           : loaded 2 times (x 92B)
Class org.gradle.api.internal.classpath.UnknownModuleException                        : loaded 2 times (x 79B)
Class com.google.common.base.Stopwatch                                                : loaded 2 times (x 69B)
Class com.google.common.cache.LocalCache$Strength                                     : loaded 2 times (x 78B)
Class com.google.common.cache.Cache                                                   : loaded 2 times (x 67B)
Class build_1m94q7duuk5coiejy2j3pwiqq$_run_closure1                                   : loaded 2 times (x 136B)
Class org.jetbrains.plugins.gradle.tooling.serialization.ProjectDependenciesSerializationService$ReadContext: loaded 2 times (x 69B)
Class org.gradle.internal.impldep.gnu.trove.TObjectIdentityHashingStrategy            : loaded 2 times (x 75B)
Class com.intellij.openapi.externalSystem.model.project.dependencies.ProjectDependencies: loaded 2 times (x 67B)
Class com.google.common.util.concurrent.AbstractFuture$Cancellation                   : loaded 2 times (x 69B)
Class com.google.common.collect.ImmutableMap$Builder                                  : loaded 2 times (x 79B)
Class com.google.common.cache.RemovalListener                                         : loaded 2 times (x 67B)
Class com.amazon.ion.IonBufferConfiguration                                           : loaded 2 times (x 70B)
Class com.amazon.ion.impl.bin.Symbols                                                 : loaded 2 times (x 68B)
Class org.jetbrains.plugins.gradle.tooling.serialization.RepositoriesModelSerializationService: loaded 2 times (x 79B)
Class ijInit1_7azjhixggdyiec53irkastxrh$_run_closure1                                 : loaded 2 times (x 137B)
Class com.android.ide.gradle.model.artifacts.AdditionalClassifierArtifactsModel       : loaded 2 times (x 67B)
Class org.gradle.tooling.internal.gradle.GradleProjectIdentity                        : loaded 2 times (x 67B)
Class org.gradle.api.internal.DefaultClassPathRegistry                                : loaded 2 times (x 73B)
Class com.google.common.primitives.IntsMethodsForWeb                                  : loaded 2 times (x 68B)
Class com.google.common.collect.Multimap                                              : loaded 2 times (x 67B)
Class [Lcom.amazon.ion.impl.bin.AbstractIonWriter$WriteValueOptimization;             : loaded 2 times (x 66B)
Class org.jetbrains.plugins.gradle.tooling.serialization.RepositoriesModelSerializationService$ReadContext: loaded 2 times (x 69B)
Class org.gradle.api.internal.ClassPathRegistry                                       : loaded 2 times (x 67B)
Class org.gradle.internal.classpath.DefaultClassPath$ImmutableUniqueList              : loaded 2 times (x 196B)
Class com.google.common.base.ExtraObjectsMethodsForWeb                                : loaded 2 times (x 68B)
Class org.apache.commons.io.IOUtils                                                   : loaded 2 times (x 68B)
Class com.amazon.ion.impl.bin.IonManagedBinaryWriter$UserState                        : loaded 2 times (x 82B)
Class com.amazon.ion.impl._Private_IonWriter                                          : loaded 2 times (x 67B)
Class com.amazon.ion.impl.bin._Private_IonManagedBinaryWriterBuilder                  : loaded 2 times (x 69B)
Class org.jetbrains.plugins.gradle.tooling.serialization.internal.adapter.InternalBuildIdentifier: loaded 2 times (x 72B)
Class com.intellij.gradle.toolingExtension.impl.model.projectModel.GradleExternalProjectSerializationService$WriteContext: loaded 2 times (x 70B)
Class com.google.common.collect.NullnessCasts                                         : loaded 2 times (x 68B)
Class com.android.builder.model.v2.models.AndroidProject                              : loaded 2 times (x 67B)
Class com.android.builder.model.v2.AndroidModel                                       : loaded 2 times (x 67B)
Class com.google.common.cache.CacheBuilder                                            : loaded 2 times (x 69B)
Class com.google.common.collect.RegularImmutableMap                                   : loaded 2 times (x 118B)
Class [Lcom.amazon.ion.SymbolToken;                                                   : loaded 2 times (x 66B)
Class kotlin.collections.SetsKt                                                       : loaded 2 times (x 68B)
Class org.gradle.internal.classpath.ClassPath                                         : loaded 2 times (x 67B)
Class com.google.common.base.JdkPattern                                               : loaded 2 times (x 72B)
Class org.gradle.api.internal.classpath.ManifestUtil                                  : loaded 2 times (x 68B)
Class org.jetbrains.plugins.gradle.model.ExternalProjectDependency                    : loaded 2 times (x 67B)
Class org.jetbrains.plugins.gradle.tooling.serialization.KotlinDslScriptsModelSerializationService: loaded 2 times (x 78B)
Class kotlin.reflect.KFunction                                                        : loaded 2 times (x 67B)
Class kotlin.collections.ArrayDeque                                                   : loaded 2 times (x 204B)
Class org.objectweb.asm.SymbolTable$Entry                                             : loaded 2 times (x 71B)
Class com.amazon.ion.impl.bin.IonRawBinaryWriter$PatchList$Node                       : loaded 2 times (x 69B)
Class com.amazon.ion.system.IonSystemBuilder$Mutable                                  : loaded 2 times (x 72B)
Class com.amazon.ion.impl.bin.IonManagedBinaryWriter$SymbolResolverBuilder            : loaded 2 times (x 67B)
Class org.jetbrains.plugins.gradle.tooling.serialization.ExternalTestsSerializationService$WriteContext: loaded 2 times (x 69B)
Class org.jetbrains.kotlin.idea.gradleTooling.KotlinGradleModel                       : loaded 2 times (x 67B)
Class kotlin.collections.MapsKt__MapsKt                                               : loaded 2 times (x 68B)
Class kotlin.jvm.internal.Lambda                                                      : loaded 2 times (x 72B)
Class org.objectweb.asm.Edge                                                          : loaded 2 times (x 69B)
Class com.google.common.base.Suppliers$SupplierOfInstance                             : loaded 2 times (x 76B)
Class org.gradle.tooling.internal.adapter.ProtocolToModelAdapter$InvocationHandlerImpl: loaded 2 times (x 74B)
Class com.amazon.ion.impl.bin.IonManagedBinaryWriter$LocalSymbolTableView             : loaded 2 times (x 104B)
Class org.gradle.tooling.model.Model                                                  : loaded 2 times (x 67B)
Class com.google.common.cache.LocalCache$ComputingValueReference                      : loaded 2 times (x 93B)
Class org.gradle.tooling.model.build.GradleEnvironment                                : loaded 2 times (x 67B)
Class com.google.common.collect.ImmutableMap$IteratorBasedImmutableMap                : loaded 2 times (x 123B)
Class com.amazon.ion.impl.bin.IonRawBinaryWriter$PatchList                            : loaded 2 times (x 82B)
Class com.amazon.ion.UnknownSymbolException                                           : loaded 2 times (x 83B)
Class com.android.ide.gradle.model.composites.BuildMap                                : loaded 2 times (x 67B)
Class kotlin.Metadata                                                                 : loaded 2 times (x 67B)
Class kotlin.UninitializedPropertyAccessException                                     : loaded 2 times (x 79B)
Class com.android.builder.model.v2.models.Versions                                    : loaded 2 times (x 67B)
Class com.google.common.cache.LocalCache$Segment                                      : loaded 2 times (x 151B)
Class org.jetbrains.plugins.gradle.model.IntelliJProjectSettings                      : loaded 2 times (x 67B)
Class org.jetbrains.kotlin.idea.gradleTooling.model.annotation.AnnotationBasedPluginModel: loaded 2 times (x 67B)
Class org.gradle.tooling.internal.adapter.ProtocolToModelAdapter$MethodInvocationCache: loaded 2 times (x 70B)
Class com.android.builder.model.v2.models.ndk.NativeModule                            : loaded 2 times (x 67B)
Class com.google.common.collect.AbstractListMultimap                                  : loaded 2 times (x 169B)
Class [Lorg.objectweb.asm.SymbolTable$Entry;                                          : loaded 2 times (x 66B)
Class com.google.common.cache.CacheLoader                                             : loaded 2 times (x 71B)
Class org.jetbrains.plugins.gradle.tooling.util.IntObjectMap$ObjectFactory            : loaded 2 times (x 67B)
Class com.google.common.collect.ImmutableBiMap                                        : loaded 2 times (x 140B)
Class build_1m94q7duuk5coiejy2j3pwiqq$_run_closure1$_closure3                         : loaded 2 times (x 136B)
Class org.jetbrains.plugins.gradle.model.ExternalDependency                           : loaded 2 times (x 67B)
Class com.intellij.util.containers.IntObjectHashMap                                   : loaded 2 times (x 69B)
Class com.google.common.collect.SortedIterable                                        : loaded 2 times (x 67B)
Class org.gradle.internal.installation.GradleInstallation$1                           : loaded 2 times (x 72B)
Class org.gradle.api.internal.classpath.ModuleRegistry                                : loaded 2 times (x 67B)
Class org.apache.commons.io.output.NullWriter                                         : loaded 2 times (x 96B)
Class com.google.common.collect.ImmutableSet$JdkBackedSetBuilderImpl                  : loaded 2 times (x 73B)
Class com.google.common.util.concurrent.internal.InternalFutureFailureAccess          : loaded 2 times (x 69B)
Class com.amazon.ion.IonException                                                     : loaded 2 times (x 81B)
Class com.android.ide.common.repository.AgpVersion$PreviewKind$Companion              : loaded 2 times (x 68B)
Class com.amazon.ion.impl.bin.IonManagedBinaryWriter$SymbolState$1                    : loaded 2 times (x 77B)
Class com.amazon.ion.impl.LocalSymbolTableAsStruct$Factory                            : loaded 2 times (x 76B)
Class [Lcom.amazon.ion.IonType;                                                       : loaded 2 times (x 66B)
Class com.intellij.gradle.toolingExtension.impl.model.sourceSetDependencyModel.GradleSourceSetDependencySerialisationService$SourceSetDependencyModelReadContext: loaded 2 times (x 69B)
Class com.intellij.gradle.toolingExtension.impl.model.dependencyModel.DependencyReadContext: loaded 2 times (x 69B)
Class org.jetbrains.plugins.gradle.model.VersionCatalogsModel                         : loaded 2 times (x 67B)
Class com.intellij.gradle.toolingExtension.impl.model.taskIndex.GradleTaskRequest     : loaded 2 times (x 67B)
Class org.gradle.tooling.internal.adapter.ObjectGraphAdapter                          : loaded 2 times (x 67B)
Class com.google.common.base.CharMatcher$ForPredicate                                 : loaded 2 times (x 109B)
Class com.google.common.cache.LocalCache$LocalManualCache$1                           : loaded 2 times (x 72B)
Class org.jetbrains.plugins.gradle.model.ProjectImportModelProvider                   : loaded 2 times (x 67B)
Class com.amazon.ion.impl.bin.IonManagedBinaryWriter$SymbolState$2                    : loaded 2 times (x 77B)
Class com.amazon.ion.IonNull                                                          : loaded 2 times (x 67B)
Class com.google.common.collect.ImmutableSortedAsList                                 : loaded 2 times (x 218B)
Class kotlin.text.RegexKt                                                             : loaded 2 times (x 68B)
Class kotlin.coroutines.intrinsics.IntrinsicsKt__IntrinsicsKt                         : loaded 2 times (x 68B)
Class com.google.common.base.CharMatcher$AnyOf                                        : loaded 2 times (x 109B)
Class com.amazon.ion.impl.bin.IonManagedBinaryWriter$UserState$3                      : loaded 2 times (x 82B)
Class com.amazon.ion.impl.bin.IonRawBinaryWriter$ContainerInfo                        : loaded 2 times (x 73B)
Class com.amazon.ion.impl.bin.IonManagedBinaryWriter$SymbolState$3                    : loaded 2 times (x 77B)
Class com.amazon.ion.impl.bin.IonRawBinaryWriter$StreamFlushMode                      : loaded 2 times (x 76B)
Class com.amazon.ion.IonBinaryWriter                                                  : loaded 2 times (x 67B)
Class com.intellij.gradle.toolingExtension.impl.model.sourceSetArtifactIndex.GradleSourceSetArtifactBuildRequest: loaded 2 times (x 67B)
Class com.google.common.collect.Lists$TransformingRandomAccessList                    : loaded 2 times (x 196B)
Class kotlin.collections.CollectionsKt__CollectionsJVMKt                              : loaded 2 times (x 68B)
Class org.gradle.api.internal.classpath.DefaultModuleRegistry                         : loaded 2 times (x 83B)
Class com.google.common.util.concurrent.ExecutionError                                : loaded 2 times (x 79B)
Class com.google.common.util.concurrent.ListenableFuture                              : loaded 2 times (x 67B)
Class com.google.common.cache.ReferenceEntry                                          : loaded 2 times (x 67B)
Class com.google.common.base.Converter                                                : loaded 2 times (x 87B)
Class com.google.common.collect.ImmutableEnumSet                                      : loaded 2 times (x 143B)
Class com.amazon.ion.impl.bin.IonManagedBinaryWriter$SymbolState$4                    : loaded 2 times (x 77B)
Class org.jetbrains.plugins.gradle.tooling.serialization.internal.IdeaProjectSerializationService$WriteContext$1: loaded 2 times (x 80B)
Class org.jetbrains.plugins.gradle.model.ExternalProject                              : loaded 2 times (x 67B)
Class kotlin.collections.CollectionsKt__IteratorsKt                                   : loaded 2 times (x 68B)
Class kotlin.sequences.SequencesKt                                                    : loaded 2 times (x 68B)
Class com.google.common.collect.AbstractMapBasedMultimap                              : loaded 2 times (x 136B)
Class com.google.common.util.concurrent.AbstractFuture                                : loaded 2 times (x 103B)
Class com.google.common.base.FunctionalEquivalence                                    : loaded 2 times (x 80B)
Class com.android.builder.model.v2.models.VariantDependenciesAdjacencyList            : loaded 2 times (x 67B)
Class org.gradle.internal.classloader.ClassLoaderHierarchy                            : loaded 2 times (x 67B)
Class com.amazon.ion.impl.bin.utf8.Pool                                               : loaded 2 times (x 71B)
Class com.amazon.ion.impl._Private_SymtabExtendsCache                                 : loaded 2 times (x 69B)
Class org.jetbrains.plugins.gradle.tooling.serialization.internal.IdeaProjectSerializationService$WriteContext$2: loaded 2 times (x 80B)
Class org.objectweb.asm.RecordComponentVisitor                                        : loaded 2 times (x 74B)
Class com.google.common.cache.CacheLoader$SupplierToCacheLoader                       : loaded 2 times (x 72B)
Class com.amazon.ion.impl._Private_IonSymbol                                          : loaded 2 times (x 67B)
Class com.amazon.ion.impl.lite.IonValueLite                                           : loaded 2 times (x 144B)
Class com.amazon.ion.IonContainer                                                     : loaded 2 times (x 67B)
Class com.amazon.ion.impl.bin.PooledBlockAllocatorProvider                            : loaded 2 times (x 70B)
Class org.jetbrains.plugins.gradle.tooling.serialization.AnnotationProcessingModelSerializationService$ReadContext: loaded 2 times (x 69B)
Class org.jetbrains.plugins.gradle.tooling.serialization.internal.IdeaProjectSerializationService$WriteContext$3: loaded 2 times (x 80B)
Class kotlin.coroutines.jvm.internal.RestrictedContinuationImpl                       : loaded 2 times (x 84B)
Class org.jetbrains.kotlin.idea.gradleTooling.AndroidAwareGradleModelProvider         : loaded 2 times (x 80B)
Class kotlin.sequences.SequencesKt__SequenceBuilderKt                                 : loaded 2 times (x 68B)
Class com.intellij.gradle.toolingExtension.impl.model.sourceSetDependencyModel.GradleSourceSetDependencySerialisationService$Companion: loaded 2 times (x 68B)
Class com.google.common.collect.UsingToStringOrdering                                 : loaded 2 times (x 111B)
Class kotlin.text.MatchNamedGroupCollection                                           : loaded 2 times (x 67B)
Class kotlin.jvm.internal.markers.KMutableList                                        : loaded 2 times (x 67B)
Class org.gradle.internal.time.MonotonicClock                                         : loaded 2 times (x 74B)
Class org.gradle.internal.service.ServiceLookupException                              : loaded 2 times (x 79B)
Class [Lcom.google.common.cache.LocalCache$EntryFactory;                              : loaded 2 times (x 66B)
Class com.amazon.ion.BufferConfiguration$Builder                                      : loaded 2 times (x 75B)
Class org.jetbrains.plugins.gradle.tooling.serialization.internal.IdeaProjectSerializationService$WriteContext$5: loaded 2 times (x 80B)
Class com.intellij.gradle.toolingExtension.impl.model.sourceSetDependencyModel.GradleSourceSetDependencySerialisationService$SourceSetDependencyModelWriteContext: loaded 2 times (x 69B)
Class com.google.common.collect.ImmutableSortedSet                                    : loaded 2 times (x 297B)
Class org.gradle.internal.classloader.ClassLoaderFactory                              : loaded 2 times (x 67B)
Class org.apache.commons.io.CloseableURLConnection                                    : loaded 2 times (x 113B)
Class com.google.common.base.CommonPattern                                            : loaded 2 times (x 71B)
Class com.google.common.base.CharMatcher$IsNot                                        : loaded 2 times (x 108B)
Class com.google.common.cache.LocalCache$LocalManualCache                             : loaded 2 times (x 96B)
Class com.amazon.ion.impl.bin.IntList                                                 : loaded 2 times (x 74B)
Class com.amazon.ion.impl.lite._Private_LiteDomTrampoline                             : loaded 2 times (x 68B)
Class com.amazon.ion.IonType                                                          : loaded 2 times (x 76B)
Class org.jetbrains.plugins.gradle.tooling.serialization.internal.IdeaProjectSerializationService$WriteContext$6: loaded 2 times (x 80B)
Class org.jetbrains.plugins.gradle.tooling.util.IntObjectMap                          : loaded 2 times (x 70B)
Class org.gradle.internal.service.CachingServiceLocator                               : loaded 2 times (x 79B)
Class com.google.common.collect.AbstractMapBasedMultimap$KeySet                       : loaded 2 times (x 134B)
Class com.google.common.math.IntMath                                                  : loaded 2 times (x 68B)
Class com.amazon.ion.impl.lite.ValueFactoryLite                                       : loaded 2 times (x 215B)
Class org.jetbrains.plugins.gradle.tooling.serialization.internal.IdeaProjectSerializationService$WriteContext$7: loaded 2 times (x 80B)
Class org.jetbrains.plugins.gradle.model.RepositoryModels                             : loaded 2 times (x 67B)
Class com.google.common.collect.RegularImmutableSortedSet                             : loaded 2 times (x 297B)
Class kotlin.jvm.internal.CallableReference                                           : loaded 2 times (x 103B)
Class org.objectweb.asm.commons.InstructionAdapter                                    : loaded 2 times (x 185B)
Class com.google.common.collect.ImmutableMapEntry                                     : loaded 2 times (x 82B)
Class com.amazon.ion.impl.bin.WriteBuffer                                             : loaded 2 times (x 75B)
Class com.amazon.ion.impl.bin.IonManagedBinaryWriter                                  : loaded 2 times (x 163B)
Class org.jetbrains.plugins.gradle.tooling.serialization.internal.IdeaProjectSerializationService$WriteContext$8: loaded 2 times (x 80B)
Class [Lorg.gradle.api.JavaVersion;                                                   : loaded 2 times (x 66B)
Class org.gradle.tooling.model.idea.IdeaDependencyScope                               : loaded 2 times (x 67B)
Class org.gradle.internal.time.TimeSource                                             : loaded 2 times (x 67B)
Class org.gradle.tooling.model.kotlin.dsl.KotlinDslScriptsModel                       : loaded 2 times (x 67B)
Class build_73rwmyvy5qdm6nu0xmwj7zq7s$_run_closure1                                   : loaded 2 times (x 136B)
Class com.google.common.base.Equivalence                                              : loaded 2 times (x 79B)
Class kotlin.collections.CollectionsKt__ReversedViewsKt                               : loaded 2 times (x 68B)
Class com.google.common.collect.ImmutableMapEntry$NonTerminalImmutableMapEntry        : loaded 2 times (x 82B)
Class com.amazon.ion.impl.lite.IonBlobLite                                            : loaded 2 times (x 216B)
Class com.amazon.ion.impl.LocalSymbolTable                                            : loaded 2 times (x 118B)
Class org.jetbrains.plugins.gradle.tooling.serialization.SerializationService         : loaded 2 times (x 67B)
Class org.gradle.tooling.internal.gradle.GradleBuildIdentity                          : loaded 2 times (x 67B)
Class kotlin.enums.EnumEntries                                                        : loaded 2 times (x 67B)
Class org.apache.commons.io.output.AbstractByteArrayOutputStream                      : loaded 2 times (x 99B)
Class com.google.common.collect.IndexedImmutableSet$1                                 : loaded 2 times (x 210B)
Class com.google.common.cache.CacheBuilder$OneWeigher                                 : loaded 2 times (x 79B)
Class com.intellij.gradle.toolingExtension.impl.model.sourceSetModel.GradleSourceSetSerialisationService$Companion: loaded 2 times (x 68B)
Class com.amazon.ion.IonList                                                          : loaded 2 times (x 67B)
Class org.jetbrains.plugins.gradle.tooling.serialization.internal.adapter.Supplier    : loaded 2 times (x 67B)
Class org.gradle.tooling.internal.adapter.ProtocolToModelAdapter$MixInMappingAction   : loaded 2 times (x 77B)
Class org.gradle.internal.exceptions.ResolutionProvider                               : loaded 2 times (x 67B)
Class org.jetbrains.plugins.gradle.model.MavenRepositoryModel                         : loaded 2 times (x 67B)
Class com.amazon.ion.IonSystem                                                        : loaded 2 times (x 67B)
Class com.amazon.ion.impl.bin.IonManagedBinaryWriter$ImportedSymbolContext            : loaded 2 times (x 69B)
Class org.gradle.tooling.model.idea.IdeaCompilerOutput                                : loaded 2 times (x 67B)
Class org.gradle.tooling.model.ProjectIdentifier                                      : loaded 2 times (x 67B)
Class org.gradle.internal.classloader.ClasspathUtil                                   : loaded 2 times (x 68B)
Class org.jetbrains.kotlin.tooling.core.HasExtras                                     : loaded 2 times (x 67B)
Class com.google.common.util.concurrent.Uninterruptibles                              : loaded 2 times (x 68B)
Class com.intellij.gradle.toolingExtension.impl.model.sourceSetModel.GradleSourceSetSerialisationService: loaded 2 times (x 74B)
Class com.google.common.util.concurrent.LazyLogger                                    : loaded 2 times (x 69B)
Class com.google.common.collect.Maps                                                  : loaded 2 times (x 68B)
Class com.amazon.ion.impl.lite.IonIntLite                                             : loaded 2 times (x 186B)
Class com.amazon.ion.util._Private_FastAppendable                                     : loaded 2 times (x 67B)
Class [Lcom.amazon.ion.impl.bin.IonRawBinaryWriter$PreallocationMode;                 : loaded 2 times (x 66B)
Class org.gradle.internal.time.TimeSource$1                                           : loaded 2 times (x 74B)
Class kotlin.jvm.internal.DefaultConstructorMarker                                    : loaded 2 times (x 68B)
Class org.gradle.api.specs.Spec                                                       : loaded 2 times (x 67B)
Class [Lcom.google.common.collect.ImmutableEntry;                                     : loaded 2 times (x 66B)
Class com.amazon.ion.impl.lite.IonSexpLite                                            : loaded 2 times (x 487B)
Class com.amazon.ion.impl.lite.IonListLite                                            : loaded 2 times (x 487B)
Class com.amazon.ion.IonFloat                                                         : loaded 2 times (x 67B)
Class com.google.common.cache.LocalCache$LoadingValueReference                        : loaded 2 times (x 93B)
Class com.amazon.ion.impl.LocalSymbolTable$Factory                                    : loaded 2 times (x 74B)
Class com.amazon.ion.impl.bin.IonManagedBinaryWriter$ImportedSymbolResolverMode       : loaded 2 times (x 77B)
Class com.intellij.gradle.toolingExtension.impl.model.buildScriptClasspathModel.GradleBuildScriptClasspathSerializationService: loaded 2 times (x 74B)
Class com.google.common.base.Platform                                                 : loaded 2 times (x 68B)
Class org.jetbrains.plugins.gradle.model.FileCollectionDependency                     : loaded 2 times (x 67B)
Class com.amazon.ion.impl.LocalSymbolTableAsStruct                                    : loaded 2 times (x 123B)
Class com.amazon.ion.impl.lite.IonTimestampLite                                       : loaded 2 times (x 189B)
Class org.gradle.internal.impldep.gnu.trove.TObjectHashingStrategy                    : loaded 2 times (x 67B)
Class com.intellij.gradle.toolingExtension.impl.model.utilDummyModel.DummyModel       : loaded 2 times (x 67B)
Class org.gradle.internal.time.Clock                                                  : loaded 2 times (x 67B)
Class [Lorg.objectweb.asm.AnnotationWriter;                                           : loaded 2 times (x 66B)
Class com.google.common.collect.Maps$8                                                : loaded 2 times (x 79B)
Class build_1m94q7duuk5coiejy2j3pwiqq                                                 : loaded 2 times (x 169B)
Class com.amazon.ion.IonString                                                        : loaded 2 times (x 67B)
Class org.jetbrains.plugins.gradle.model.jar.JarTaskManifestConfiguration             : loaded 2 times (x 67B)
Class org.jetbrains.plugins.gradle.model.GradleSourceSetDependencyModel               : loaded 2 times (x 67B)
Class com.google.common.collect.CompoundOrdering                                      : loaded 2 times (x 112B)
Class kotlin.sequences.SequencesKt__SequencesJVMKt                                    : loaded 2 times (x 68B)
Class kotlin.coroutines.jvm.internal.RestrictedSuspendLambda                          : loaded 2 times (x 88B)
Class org.gradle.tooling.internal.adapter.TypeInspector                               : loaded 2 times (x 70B)
Class org.gradle.tooling.internal.adapter.ProtocolToModelAdapter$NoOpDecoration       : loaded 2 times (x 76B)
Class org.gradle.tooling.model.Element                                                : loaded 2 times (x 67B)
Class kotlin.collections.AbstractList                                                 : loaded 2 times (x 194B)
Class kotlin.collections.AbstractCollection                                           : loaded 2 times (x 114B)
Class com.google.common.collect.Sets$SetView                                          : loaded 2 times (x 135B)
Class com.google.common.cache.LocalCache$StrongValueReference                         : loaded 2 times (x 87B)
Class com.amazon.ion.BufferConfiguration                                              : loaded 2 times (x 70B)
Class com.amazon.ion.system.SimpleCatalog                                             : loaded 2 times (x 88B)
Class com.intellij.gradle.toolingExtension.impl.model.taskModel.GradleTaskSerialisationService: loaded 2 times (x 73B)
Class com.android.ide.gradle.model.LegacyV1AgpVersionModel                            : loaded 2 times (x 67B)
Class com.google.common.collect.ImmutableRangeSet$Builder                             : loaded 2 times (x 74B)
Class kotlin.text.Regex                                                               : loaded 2 times (x 69B)
Class kotlin.sequences.SequencesKt__SequenceBuilderKt$sequence$$inlined$Sequence$1    : loaded 2 times (x 72B)
Class org.objectweb.asm.Type                                                          : loaded 2 times (x 69B)
Class org.jetbrains.plugins.gradle.tooling.util.IntObjectMap$1                        : loaded 2 times (x 74B)
Class org.gradle.internal.impldep.com.google.common.base.Preconditions                : loaded 2 times (x 68B)
Class org.gradle.internal.classloader.VisitableURLClassLoader$InstrumentingVisitableURLClassLoader: loaded 2 times (x 120B)
Class com.google.common.math.IntMath$1                                                : loaded 2 times (x 68B)
Class org.objectweb.asm.ByteVector                                                    : loaded 2 times (x 76B)
Class [Lcom.google.common.cache.CacheBuilder$NullListener;                            : loaded 2 times (x 66B)
Class [Lcom.amazon.ion.impl.bin.IonRawBinaryWriter$StreamFlushMode;                   : loaded 2 times (x 66B)
Class com.amazon.ion.UnsupportedIonVersionException                                   : loaded 2 times (x 82B)
Class kotlin.ranges.RangesKt__RangesKt                                                : loaded 2 times (x 68B)
Class kotlin.collections.SetsKt___SetsKt                                              : loaded 2 times (x 68B)
Class kotlin.sequences.SequencesKt__SequencesKt                                       : loaded 2 times (x 68B)
Class kotlin.coroutines.Continuation                                                  : loaded 2 times (x 67B)
Class org.gradle.internal.classloader.VisitableURLClassLoader$Spec                    : loaded 2 times (x 71B)
Class org.gradle.internal.classpath.DefaultClassPath                                  : loaded 2 times (x 87B)
Class org.objectweb.asm.Symbol                                                        : loaded 2 times (x 70B)
Class com.amazon.ion.impl.bin.IonManagedBinaryWriter$SymbolState                      : loaded 2 times (x 77B)
Class com.amazon.ion.IonStruct                                                        : loaded 2 times (x 67B)
Class org.jetbrains.plugins.gradle.model.GradleBuildScriptClasspathModel              : loaded 2 times (x 67B)
Class kotlin.coroutines.jvm.internal.BaseContinuationImpl                             : loaded 2 times (x 84B)
Class kotlin.Result$Companion                                                         : loaded 2 times (x 68B)
Class org.gradle.util.internal.DefaultGradleVersion                                   : loaded 2 times (x 81B)
Class com.google.common.base.CharMatcher$BitSetMatcher                                : loaded 2 times (x 109B)
Class com.google.common.collect.RegularImmutableMap$Values                            : loaded 2 times (x 204B)
Class com.amazon.ion.impl._Private_IonValue                                           : loaded 2 times (x 67B)
Class org.gradle.internal.classloader.ClassLoaderSpec                                 : loaded 2 times (x 68B)
Class org.objectweb.asm.AnnotationWriter                                              : loaded 2 times (x 76B)
Class com.google.common.cache.CacheStats                                              : loaded 2 times (x 68B)
Class com.amazon.ion.impl.IonWriterSystemTextMarkup                                   : loaded 2 times (x 189B)
Class com.amazon.ion.impl.bin.BlockAllocator                                          : loaded 2 times (x 77B)
Class kotlin.jvm.internal.FunctionReferenceImpl                                       : loaded 2 times (x 119B)
Class kotlin.collections.CollectionsKt___CollectionsJvmKt                             : loaded 2 times (x 68B)
Class org.objectweb.asm.RecordComponentWriter                                         : loaded 2 times (x 75B)
Class com.google.common.util.concurrent.AbstractFuture$Listener                       : loaded 2 times (x 69B)
Class com.google.common.base.CharMatcher$Or                                           : loaded 2 times (x 109B)
Class com.amazon.ion.system.IonWriterBuilderBase                                      : loaded 2 times (x 80B)
Class kotlin.TuplesKt                                                                 : loaded 2 times (x 68B)
Class kotlin.jvm.internal.markers.KMutableIterable                                    : loaded 2 times (x 67B)
Class kotlin.sequences.SequencesKt___SequencesJvmKt                                   : loaded 2 times (x 68B)
Class kotlin.Unit                                                                     : loaded 2 times (x 68B)
Class org.gradle.tooling.internal.adapter.ProtocolToModelAdapter$DefaultViewBuilder   : loaded 2 times (x 77B)
Class org.objectweb.asm.Attribute                                                     : loaded 2 times (x 74B)
Class com.google.common.base.Supplier                                                 : loaded 2 times (x 67B)
Class kotlin.ranges.RangesKt                                                          : loaded 2 times (x 68B)
Class org.gradle.tooling.internal.adapter.ProtocolToModelAdapter$ViewGraphDetails$1   : loaded 2 times (x 74B)
Class org.gradle.internal.classloader.VisitableURLClassLoader                         : loaded 2 times (x 114B)
Class com.android.ide.common.repository.AgpVersion$Companion                          : loaded 2 times (x 68B)
Class com.amazon.ion.impl.bin.IonRawBinaryWriter$1                                    : loaded 2 times (x 74B)
Class [Lcom.amazon.ion.SymbolTable;                                                   : loaded 2 times (x 66B)
Class com.amazon.ion.impl.bin.IonBinaryWriterAdapter$Factory                          : loaded 2 times (x 67B)
Class com.amazon.ion.impl.BlockedBuffer$BufferedOutputStream                          : loaded 2 times (x 87B)
Class org.jetbrains.plugins.gradle.tooling.serialization.ExternalTestsSerializationService$ReadContext: loaded 2 times (x 69B)
Class kotlin.collections.ArraysUtilJVM                                                : loaded 2 times (x 68B)
Class kotlin.sequences.FlatteningSequence$iterator$1                                  : loaded 2 times (x 76B)
Class kotlin.jvm.functions.Function0                                                  : loaded 2 times (x 67B)
Class com.amazon.ion.impl.bin.IonManagedBinaryWriter$UserState$2                      : loaded 2 times (x 82B)
Class com.google.common.base.CharMatcher$IsEither                                     : loaded 2 times (x 108B)
Class org.gradle.tooling.model.idea.IdeaDependency                                    : loaded 2 times (x 67B)
Class com.google.common.base.Strings                                                  : loaded 2 times (x 68B)
Class com.google.common.collect.Sets                                                  : loaded 2 times (x 68B)
Class org.objectweb.asm.Handler                                                       : loaded 2 times (x 69B)
Class com.google.common.base.CharMatcher$FastMatcher                                  : loaded 2 times (x 108B)
Class com.google.common.base.Ticker                                                   : loaded 2 times (x 69B)
Class com.amazon.ion.impl.bin.AbstractIonWriter$WriteValueOptimization                : loaded 2 times (x 76B)
Class kotlin.collections.AbstractMutableList                                          : loaded 2 times (x 203B)
Class kotlin.jvm.functions.Function1                                                  : loaded 2 times (x 67B)
Class [Lcom.google.common.cache.LocalCache$Segment;                                   : loaded 2 times (x 66B)
Class org.gradle.internal.classloader.FilteringClassLoader                            : loaded 2 times (x 102B)
Class [Lcom.google.common.cache.LocalCache$Strength;                                  : loaded 2 times (x 66B)
Class com.google.common.cache.CacheBuilder$1                                          : loaded 2 times (x 82B)
Class com.google.common.collect.ImmutableMap                                          : loaded 2 times (x 117B)
Class com.amazon.ion.impl.bin.BlockAllocatorProvider                                  : loaded 2 times (x 69B)
Class org.jetbrains.plugins.gradle.tooling.serialization.internal.IdeaProjectSerializationService$WriteContext: loaded 2 times (x 69B)
Class com.intellij.gradle.toolingExtension.impl.model.sourceSetDependencyModel.GradleSourceSetDependencySerialisationService: loaded 2 times (x 74B)
Class org.jetbrains.plugins.gradle.model.GradleSourceSetModel                         : loaded 2 times (x 67B)
Class kotlin.jvm.functions.Function2                                                  : loaded 2 times (x 67B)
Class org.gradle.internal.classpath.DefaultClassPath$ImmutableUniqueList$Builder      : loaded 2 times (x 72B)
Class com.google.common.base.CharMatcher$NegatedFastMatcher                           : loaded 2 times (x 110B)
Class com.google.common.cache.LocalCache                                              : loaded 2 times (x 184B)
Class com.google.common.cache.CacheBuilder$2                                          : loaded 2 times (x 76B)
Class com.amazon.ion.impl.lite.IonSequenceLite                                        : loaded 2 times (x 429B)
Class com.amazon.ion.impl._Private_Utils$1                                            : loaded 2 times (x 86B)
Class com.amazon.ion.impl.SymbolTableAsStruct                                         : loaded 2 times (x 67B)
Class com.google.common.collect.AbstractRangeSet                                      : loaded 2 times (x 111B)
Class kotlin.collections.MapsKt___MapsJvmKt                                           : loaded 2 times (x 68B)
Class org.gradle.tooling.internal.adapter.WeakIdentityHashMap$AbsentValueProvider     : loaded 2 times (x 67B)
Class com.google.common.collect.ArrayListMultimap                                     : loaded 2 times (x 169B)
Class com.google.common.cache.CacheBuilder$3                                          : loaded 2 times (x 69B)
Class [Lcom.google.common.collect.AbstractMapEntry;                                   : loaded 2 times (x 66B)
Class com.google.common.collect.ImmutableEntry                                        : loaded 2 times (x 79B)
Class com.amazon.ion.impl.bin.AbstractIonWriter                                       : loaded 2 times (x 158B)
Class org.jetbrains.plugins.gradle.tooling.util.ObjectCollector$Processor             : loaded 2 times (x 67B)
Class org.jetbrains.kotlin.idea.gradleTooling.model.samWithReceiver.SamWithReceiverModel: loaded 2 times (x 67B)
Class kotlin.collections.CollectionsKt___CollectionsKt                                : loaded 2 times (x 68B)
Class kotlin.annotation.Target                                                        : loaded 2 times (x 67B)
Class kotlin.NotImplementedError                                                      : loaded 2 times (x 79B)
Class org.gradle.internal.exceptions.NonGradleCauseExceptionsHolder                   : loaded 2 times (x 67B)
Class org.gradle.tooling.model.idea.IdeaModuleDependency                              : loaded 2 times (x 67B)
Class org.gradle.tooling.internal.adapter.ViewBuilder                                 : loaded 2 times (x 67B)
Class org.apache.commons.io.StandardLineSeparator                                     : loaded 2 times (x 76B)
Class com.google.common.collect.CollectPreconditions                                  : loaded 2 times (x 68B)
Class com.amazon.ion.system.IonReaderBuilder                                          : loaded 2 times (x 90B)
Class org.jetbrains.plugins.gradle.model.AnnotationProcessingConfig                   : loaded 2 times (x 67B)
Class com.amazon.ion.IonReader                                                        : loaded 2 times (x 67B)
Class kotlin.reflect.KDeclarationContainer                                            : loaded 2 times (x 67B)
Class kotlin.annotation.Retention                                                     : loaded 2 times (x 67B)
Class com.android.builder.model.v2.models.Versions$Version                            : loaded 2 times (x 67B)
Class com.google.common.collect.SortedMapDifference                                   : loaded 2 times (x 67B)
Class com.amazon.ion.IonClob                                                          : loaded 2 times (x 67B)
Class org.jetbrains.plugins.gradle.tooling.ModelBuilderService$Parameter              : loaded 2 times (x 67B)
Class kotlin.collections.MapsKt___MapsKt                                              : loaded 2 times (x 68B)
Class kotlin.collections.ArraysKt___ArraysKt                                          : loaded 2 times (x 68B)
Class com.google.common.cache.LocalCache$WriteThroughEntry                            : loaded 2 times (x 76B)
Class com.google.common.cache.LocalCache$HashIterator                                 : loaded 2 times (x 83B)
Class com.google.common.cache.LocalCache$EntryFactory                                 : loaded 2 times (x 80B)
Class com.amazon.ion.impl.lite.IonLobLite                                             : loaded 2 times (x 181B)
Class com.amazon.ion.impl.lite.IonTextLite                                            : loaded 2 times (x 178B)
Class com.amazon.ion.IonNumber                                                        : loaded 2 times (x 67B)
Class org.gradle.internal.impldep.gnu.trove.TObjectIntProcedure                       : loaded 2 times (x 67B)
Class kotlin.collections.MapsKt__MapWithDefaultKt                                     : loaded 2 times (x 68B)
Class org.gradle.tooling.internal.adapter.ProtocolToModelAdapter$ReflectionMethodInvoker: loaded 2 times (x 73B)
Class org.jetbrains.kotlin.tooling.core.HasMutableExtras                              : loaded 2 times (x 67B)
Class com.google.common.cache.LocalCache$AbstractReferenceEntry                       : loaded 2 times (x 104B)
Class [Lcom.amazon.ion.impl.bin.IonManagedBinaryWriter$UserState;                     : loaded 2 times (x 66B)
Class com.amazon.ion.impl.bin.utf8.Utf8StringEncoder                                  : loaded 2 times (x 77B)
Class com.amazon.ion.IonBool                                                          : loaded 2 times (x 67B)
Class org.jetbrains.kotlin.idea.gradleTooling.model.assignment.AssignmentModel        : loaded 2 times (x 67B)
Class com.google.common.collect.NullsLastOrdering                                     : loaded 2 times (x 112B)
Class kotlin.collections.CollectionsKt__MutableCollectionsJVMKt                       : loaded 2 times (x 68B)
Class kotlin.sequences.FlatteningSequence                                             : loaded 2 times (x 72B)
Class kotlin.enums.EnumEntriesKt                                                      : loaded 2 times (x 68B)
Class com.android.builder.model.v2.models.VariantDependencies                         : loaded 2 times (x 67B)
Class org.objectweb.asm.SymbolTable                                                   : loaded 2 times (x 69B)
Class com.google.common.cache.CacheLoader$InvalidCacheLoadException                   : loaded 2 times (x 79B)
Class kotlin.text.MatcherMatchResult                                                  : loaded 2 times (x 77B)
Class com.amazon.ion.IonLoader                                                        : loaded 2 times (x 67B)
Class org.jetbrains.plugins.gradle.model.GradleProperty                               : loaded 2 times (x 67B)
Class sync_studio_tooling6_b7dwe5pvwicrz8sjapikhsqq2                                  : loaded 2 times (x 168B)
Class com.google.common.collect.ImmutableRangeSet$ComplementRanges                    : loaded 2 times (x 204B)
Class org.gradle.internal.classloader.SystemClassLoaderSpec                           : loaded 2 times (x 68B)
Class com.google.common.cache.LocalCache$StrongEntry                                  : loaded 2 times (x 105B)
Class com.google.common.util.concurrent.AbstractFuture$TrustedFuture                  : loaded 2 times (x 111B)
Class com.google.common.cache.LoadingCache                                            : loaded 2 times (x 67B)
Class com.amazon.ion.impl._Private_Utils                                              : loaded 2 times (x 68B)
Class kotlin.text.MatcherMatchResult$groups$1                                         : loaded 2 times (x 148B)
Class kotlin.collections.EmptyMap                                                     : loaded 2 times (x 106B)
Class kotlin.reflect.KAnnotatedElement                                                : loaded 2 times (x 67B)
Class kotlin.jvm.internal.markers.KMutableCollection                                  : loaded 2 times (x 67B)
Class kotlin.coroutines.intrinsics.IntrinsicsKt                                       : loaded 2 times (x 68B)
Class org.gradle.internal.exceptions.MultiCauseException                              : loaded 2 times (x 67B)
Class org.gradle.internal.time.CountdownTimer                                         : loaded 2 times (x 67B)
Class kotlin.jvm.internal.Intrinsics                                                  : loaded 2 times (x 68B)
Class org.objectweb.asm.MethodWriter                                                  : loaded 2 times (x 103B)
Class [Lcom.google.common.cache.Weigher;                                              : loaded 2 times (x 66B)
Class com.google.common.collect.RegularImmutableMap$BucketOverflowException           : loaded 2 times (x 79B)
Class com.intellij.gradle.toolingExtension.impl.model.projectModel.GradleExternalProjectSerializationService$ReadContext: loaded 2 times (x 70B)
Class com.intellij.gradle.toolingExtension.impl.model.dependencyModel.DependencyWriteContext: loaded 2 times (x 69B)
Class org.jetbrains.kotlin.idea.gradleTooling.model.parcelize.ParcelizeGradleModel    : loaded 2 times (x 67B)
Class kotlin.collections.MapsKt                                                       : loaded 2 times (x 68B)
Class kotlin.collections.CollectionsKt__IterablesKt                                   : loaded 2 times (x 68B)
Class kotlin.coroutines.intrinsics.CoroutineSingletons                                : loaded 2 times (x 76B)
Class org.gradle.tooling.model.ProjectModel                                           : loaded 2 times (x 67B)
Class org.jetbrains.plugins.gradle.model.GradleConfiguration                          : loaded 2 times (x 67B)
Class com.amazon.ion.impl.bin.utf8.Utf8StringEncoderPool                              : loaded 2 times (x 71B)
Class com.amazon.ion.impl._Private_IonSystem                                          : loaded 2 times (x 67B)
Class com.amazon.ion.BufferConfiguration$OversizedValueHandler                        : loaded 2 times (x 67B)
Class kotlin.sequences.SequenceBuilderIterator                                        : loaded 2 times (x 82B)
Class kotlin.KotlinNullPointerException                                               : loaded 2 times (x 80B)
Class com.google.common.collect.RegularImmutableBiMap                                 : loaded 2 times (x 146B)
Class com.google.common.base.CharMatcher$Is                                           : loaded 2 times (x 108B)
Class com.google.common.base.CharMatcher$Negated                                      : loaded 2 times (x 110B)
Class com.google.common.cache.LocalCache$ValueReference                               : loaded 2 times (x 67B)
Class com.amazon.ion.IonDecimal                                                       : loaded 2 times (x 67B)
Class org.jetbrains.plugins.gradle.model.tests.ExternalTestsModel                     : loaded 2 times (x 67B)
Class kotlin.ranges.RangesKt___RangesKt                                               : loaded 2 times (x 68B)
Class org.gradle.tooling.model.idea.IdeaLanguageLevel                                 : loaded 2 times (x 67B)
Class org.gradle.tooling.internal.adapter.ProtocolToModelAdapter$SafeMethodInvoker    : loaded 2 times (x 73B)
Class org.gradle.tooling.internal.adapter.WeakIdentityHashMap$WeakKey                 : loaded 2 times (x 76B)
Class org.gradle.internal.exceptions.DefaultMultiCauseException                       : loaded 2 times (x 92B)
Class com.google.common.base.PatternCompiler                                          : loaded 2 times (x 67B)
Class com.google.common.util.concurrent.AbstractFuture$Failure                        : loaded 2 times (x 69B)
Class com.google.common.base.Equivalence$Equals                                       : loaded 2 times (x 79B)
Class com.google.common.collect.Hashing                                               : loaded 2 times (x 68B)
Class kotlin.text.MatchGroupCollection                                                : loaded 2 times (x 67B)
Class com.amazon.ion.impl.bin.IonRawBinaryWriter$StreamCloseMode                      : loaded 2 times (x 76B)
Class com.amazon.ion.impl._Private_IonBinaryWriterBuilder$Mutable                     : loaded 2 times (x 106B)
Class com.intellij.gradle.toolingExtension.impl.model.projectModel.GradleExternalProjectSerializationService: loaded 2 times (x 74B)
Class kotlin.collections.ArraysKt                                                     : loaded 2 times (x 68B)
Class kotlin.collections.ArrayDeque$Companion                                         : loaded 2 times (x 68B)
Class org.gradle.tooling.model.HierarchicalElement                                    : loaded 2 times (x 67B)
Class com.google.common.base.Joiner$1                                                 : loaded 2 times (x 77B)
Class org.objectweb.asm.Label                                                         : loaded 2 times (x 70B)
Class org.objectweb.asm.CurrentFrame                                                  : loaded 2 times (x 70B)
Class org.objectweb.asm.ClassTooLargeException                                        : loaded 2 times (x 80B)
Class com.google.common.base.CharMatcher                                              : loaded 2 times (x 108B)
Class org.jetbrains.plugins.gradle.tooling.serialization.internal.IdeaProjectSerializationService$ReadContext: loaded 2 times (x 69B)
Class com.amazon.ion.impl.bin.IonRawBinaryWriter$PatchPoint                           : loaded 2 times (x 68B)
Class com.amazon.ion.IonBlob                                                          : loaded 2 times (x 67B)
Class com.amazon.ion.IonSequence                                                      : loaded 2 times (x 67B)
Class com.amazon.ion.IonLob                                                           : loaded 2 times (x 67B)
Class org.jetbrains.plugins.gradle.tooling.serialization.ExternalTestsSerializationService: loaded 2 times (x 74B)
Class com.google.common.collect.ByFunctionOrdering                                    : loaded 2 times (x 112B)
Class kotlin.collections.SetsKt__SetsKt                                               : loaded 2 times (x 68B)
Class kotlin.coroutines.EmptyCoroutineContext                                         : loaded 2 times (x 74B)
Class org.gradle.internal.time.Time                                                   : loaded 2 times (x 68B)
Class com.android.builder.model.v2.models.ProjectGraph                                : loaded 2 times (x 67B)
Class com.google.common.base.Joiner$2                                                 : loaded 2 times (x 76B)
Class org.objectweb.asm.Frame                                                         : loaded 2 times (x 70B)
Class org.objectweb.asm.MethodVisitor                                                 : loaded 2 times (x 102B)
Class com.google.common.base.CharMatcher$NamedFastMatcher                             : loaded 2 times (x 109B)
Class com.google.common.base.CharMatcher$1                                            : loaded 2 times (x 110B)
Class com.google.common.cache.LocalCache$EntryFactory$1                               : loaded 2 times (x 80B)
Class [Lcom.google.common.cache.RemovalListener;                                      : loaded 2 times (x 66B)
Class com.android.ide.common.repository.AgpVersion$PreviewKind                        : loaded 2 times (x 76B)
Class com.amazon.ion.system.IonTextWriterBuilder                                      : loaded 2 times (x 94B)
Class com.amazon.ion.impl.bin.IonManagedBinaryWriter$ImportedSymbolResolverMode$1$1$1 : loaded 2 times (x 73B)
Class com.amazon.ion.impl._Private_LocalSymbolTableFactory                            : loaded 2 times (x 67B)
Class org.jetbrains.plugins.gradle.tooling.serialization.AnnotationProcessingModelSerializationService: loaded 2 times (x 74B)
Class com.google.common.collect.RangeGwtSerializationDependencies                     : loaded 2 times (x 68B)
Class kotlin.collections.ArraysKt__ArraysJVMKt                                        : loaded 2 times (x 68B)
Class com.google.common.cache.LocalCache$EntryFactory$2                               : loaded 2 times (x 80B)
Class com.amazon.ion.impl.lite.IonNullLite                                            : loaded 2 times (x 172B)
Class [Lcom.intellij.openapi.externalSystem.model.project.dependencies.ResolutionState;: loaded 2 times (x 66B)
Class org.gradle.internal.impldep.gnu.trove.TObjectHash                               : loaded 2 times (x 91B)
Class org.jetbrains.plugins.gradle.model.DependencyAccessorsModel                     : loaded 2 times (x 67B)
Class com.google.common.collect.RangeSet                                              : loaded 2 times (x 67B)
Class kotlin.jvm.internal.CallableReference$NoReceiver                                : loaded 2 times (x 68B)
Class org.gradle.api.internal.classpath.GlobalCacheRootsProvider                      : loaded 2 times (x 67B)
Class org.objectweb.asm.ModuleWriter                                                  : loaded 2 times (x 79B)
Class com.google.common.cache.LocalCache$EntryFactory$3                               : loaded 2 times (x 80B)
Class com.google.common.base.Ticker$1                                                 : loaded 2 times (x 69B)
Class com.google.common.collect.Maps$BiMapConverter                                   : loaded 2 times (x 87B)
Class com.google.common.collect.ImmutableMapEntrySet$RegularEntrySet                  : loaded 2 times (x 149B)
Class com.amazon.ion.impl.lite.IonClobLite                                            : loaded 2 times (x 217B)
Class com.amazon.ion.impl._Private_ValueFactory                                       : loaded 2 times (x 67B)
Class com.amazon.ion.impl.bin.IonRawBinaryWriter$PreallocationMode$1                  : loaded 2 times (x 79B)
Class [Lcom.amazon.ion.impl.bin._Private_IonManagedBinaryWriterBuilder$AllocatorMode; : loaded 2 times (x 66B)
Class org.jetbrains.kotlin.idea.gradleTooling.KotlinMPPGradleModel                    : loaded 2 times (x 67B)
Class com.intellij.gradle.toolingExtension.impl.model.dependencyDownloadPolicyModel.GradleDependencyDownloadPolicy: loaded 2 times (x 67B)
Class kotlin.NoWhenBranchMatchedException                                             : loaded 2 times (x 79B)
Class org.gradle.tooling.model.BuildIdentifier                                        : loaded 2 times (x 67B)
Class com.google.common.collect.ImmutableSet$Builder                                  : loaded 2 times (x 82B)
Class com.google.common.base.CharMatcher$InRange                                      : loaded 2 times (x 108B)
Class com.google.common.cache.LocalCache$EntryFactory$4                               : loaded 2 times (x 80B)
Class com.amazon.ion.IonInt                                                           : loaded 2 times (x 67B)
Class com.amazon.ion.impl.bin.IonRawBinaryWriter$PreallocationMode$2                  : loaded 2 times (x 79B)
Class org.jetbrains.kotlin.idea.gradleTooling.PrepareKotlinIdeImportTaskModel         : loaded 2 times (x 67B)
Class com.android.builder.model.v2.models.VariantDependenciesFlatList                 : loaded 2 times (x 67B)
Class com.google.common.cache.LocalCache$EntryFactory$5                               : loaded 2 times (x 80B)
Class com.amazon.ion.impl.bin.IonRawBinaryWriter$PreallocationMode$3                  : loaded 2 times (x 79B)
Class com.android.ide.gradle.model.GradlePluginModel                                  : loaded 2 times (x 67B)
Class com.google.common.collect.ReverseOrdering                                       : loaded 2 times (x 112B)
Class org.gradle.tooling.model.build.JavaEnvironment                                  : loaded 2 times (x 67B)
Class org.apache.commons.io.output.AppendableWriter                                   : loaded 2 times (x 97B)
Class com.google.common.cache.LocalCache$EntryFactory$6                               : loaded 2 times (x 80B)
Class org.jetbrains.plugins.gradle.model.GradleExtension                              : loaded 2 times (x 67B)
Class com.amazon.ion.impl.lite.IonDecimalLite                                         : loaded 2 times (x 185B)
Class com.amazon.ion.IonBufferConfiguration$Builder                                   : loaded 2 times (x 75B)
Class org.gradle.internal.time.Timer                                                  : loaded 2 times (x 67B)
Class kotlin.jvm.internal.markers.KMappedMarker                                       : loaded 2 times (x 67B)
Class org.gradle.internal.installation.CurrentGradleInstallationLocator               : loaded 2 times (x 68B)
Class org.apache.commons.io.output.ThresholdingOutputStream                           : loaded 2 times (x 92B)
Class com.google.common.collect.Maps$KeySet                                           : loaded 2 times (x 134B)
Class com.google.common.collect.ImmutableSet$EmptySetBuilderImpl                      : loaded 2 times (x 73B)
Class com.google.common.cache.LocalCache$EntryFactory$7                               : loaded 2 times (x 80B)
Class com.amazon.ion.impl.bin.IonManagedBinaryWriter$UserState$1                      : loaded 2 times (x 82B)
Class com.amazon.ion.impl.bin.IonRawBinaryWriter$PatchList$1                          : loaded 2 times (x 80B)
Class [Lcom.amazon.ion.impl.bin.IonRawBinaryWriter$ContainerType;                     : loaded 2 times (x 66B)
Class org.gradle.tooling.internal.adapter.ProtocolToModelAdapter$ViewGraphDetails     : loaded 2 times (x 69B)
Class org.gradle.tooling.model.idea.IdeaProject                                       : loaded 2 times (x 67B)
Class org.gradle.tooling.model.DomainObjectSet                                        : loaded 2 times (x 67B)
Class org.gradle.internal.service.DefaultServiceLocator                               : loaded 2 times (x 80B)
Class com.google.common.cache.LocalCache$EntryFactory$8                               : loaded 2 times (x 80B)
Class com.google.common.collect.RegularImmutableMap$KeySet                            : loaded 2 times (x 149B)
Class com.amazon.ion.impl.bin.utf8.Utf8StringEncoder$Result                           : loaded 2 times (x 71B)
Class com.amazon.ion.impl.bin.utf8.Pool$Allocator                                     : loaded 2 times (x 67B)
Class com.amazon.ion.IonText                                                          : loaded 2 times (x 67B)
Class com.amazon.ion.impl.SymbolTokenImpl                                             : loaded 2 times (x 78B)
Class com.amazon.ion.SubstituteSymbolTableException                                   : loaded 2 times (x 81B)
Class kotlin.coroutines.jvm.internal.SuspendFunction                                  : loaded 2 times (x 67B)
Class org.gradle.util.GradleVersion                                                   : loaded 2 times (x 80B)
Class org.gradle.internal.installation.CurrentGradleInstallation                      : loaded 2 times (x 70B)
Class com.google.common.cache.CacheLoader$1                                           : loaded 2 times (x 72B)
Class com.google.common.collect.ForwardingObject                                      : loaded 2 times (x 69B)
Class com.google.common.base.Equivalence$Identity                                     : loaded 2 times (x 79B)
Class com.amazon.ion.impl.bin.IonManagedBinaryWriter$ImportDescriptor                 : loaded 2 times (x 73B)
Class com.amazon.ion.SymbolTable                                                      : loaded 2 times (x 67B)
Class org.jetbrains.plugins.gradle.tooling.serialization.GradleExtensionsSerializationService$WriteContext: loaded 2 times (x 69B)
Class com.intellij.gradle.toolingExtension.impl.model.taskModel.GradleTaskSerialisationService$Companion: loaded 2 times (x 68B)
Class kotlin.coroutines.intrinsics.IntrinsicsKt__IntrinsicsJvmKt                      : loaded 2 times (x 68B)
Class kotlin.coroutines.jvm.internal.CoroutineStackFrame                              : loaded 2 times (x 67B)
Class org.gradle.tooling.internal.adapter.ProtocolToModelAdapter$MethodInvocationCache$MethodInvocationKey: loaded 2 times (x 70B)
Class org.gradle.util.internal.GUtil                                                  : loaded 2 times (x 68B)
Class com.google.common.cache.AbstractCache$StatsCounter                              : loaded 2 times (x 67B)
Class [Lcom.amazon.ion.impl.bin.IonManagedBinaryWriter$SymbolState;                   : loaded 2 times (x 66B)
Class com.amazon.ion.impl._Private_IonWriterBase                                      : loaded 2 times (x 159B)
Class com.amazon.ion.system.IonSystemBuilder                                          : loaded 2 times (x 72B)
Class com.amazon.ion.IonCatalog                                                       : loaded 2 times (x 67B)
Class com.intellij.gradle.toolingExtension.impl.model.sourceSetModel.GradleSourceSetSerialisationService$SourceSetModelReadContext: loaded 2 times (x 69B)
Class com.intellij.gradle.toolingExtension.impl.model.utilTurnOffDefaultTasksModel.TurnOffDefaultTasks: loaded 2 times (x 67B)
Class kotlin.collections.CollectionsKt                                                : loaded 2 times (x 68B)
Class org.jetbrains.plugins.gradle.tooling.serialization.internal.IdeaProjectSerializationService$WriteContext$4: loaded 2 times (x 80B)
Class com.google.common.base.PairwiseEquivalence                                      : loaded 2 times (x 80B)
Class com.intellij.gradle.toolingExtension.impl.model.sourceSetModel.GradleSourceSetSerialisationService$SourceSetModelWriteContext: loaded 2 times (x 69B)
Class sync_studio_tooling6_b7dwe5pvwicrz8sjapikhsqq2$_run_closure1                    : loaded 2 times (x 136B)
Class kotlin.coroutines.CoroutineContext                                              : loaded 2 times (x 67B)
Class kotlin.coroutines.jvm.internal.DebugProbesKt                                    : loaded 2 times (x 68B)
Class org.gradle.tooling.internal.adapter.WeakIdentityHashMap                         : loaded 2 times (x 73B)
Class org.gradle.tooling.internal.adapter.ProtocolToModelAdapter$1                    : loaded 2 times (x 72B)
Class org.gradle.tooling.internal.adapter.ProtocolToModelAdapter$ViewDecoration       : loaded 2 times (x 67B)
Class org.gradle.internal.installation.GradleInstallation                             : loaded 2 times (x 72B)
Class com.google.common.collect.Iterables                                             : loaded 2 times (x 68B)
Class com.amazon.ion.impl.lite.ContainerlessContext                                   : loaded 2 times (x 77B)
Class org.jetbrains.plugins.gradle.tooling.serialization.GradleExtensionsSerializationService$ReadContext: loaded 2 times (x 69B)
Class com.google.common.collect.LexicographicalOrdering                               : loaded 2 times (x 112B)
Class org.gradle.tooling.internal.adapter.MethodInvoker                               : loaded 2 times (x 67B)
Class com.amazon.ion.UnexpectedEofException                                           : loaded 2 times (x 81B)
Class com.amazon.ion.IonSexp                                                          : loaded 2 times (x 67B)
Class com.amazon.ion.impl._Private_LocalSymbolTable                                   : loaded 2 times (x 67B)
Class com.amazon.ion.BufferConfiguration$DataHandler                                  : loaded 2 times (x 67B)
Class com.amazon.ion.ReadOnlyValueException                                           : loaded 2 times (x 81B)
Class com.amazon.ion.impl._Private_IonBinaryWriterBuilder                             : loaded 2 times (x 106B)
Class org.jetbrains.plugins.gradle.tooling.serialization.RepositoriesModelSerializationService$WriteContext: loaded 2 times (x 69B)
Class com.android.ide.gradle.model.LegacyAndroidGradlePluginProperties                : loaded 2 times (x 67B)
Class kotlin.jvm.KotlinReflectionNotSupportedError                                    : loaded 2 times (x 79B)
Class org.gradle.tooling.model.gradle.GradleScript                                    : loaded 2 times (x 67B)

---------------  S Y S T E M  ---------------

OS:
 Windows 11 , 64 bit Build 26100 (10.0.26100.8246)
OS uptime: 3 days 13:04 hours
Hyper-V role detected

CPU: total 12 (initial active 12) (6 cores per cpu, 2 threads per core) family 6 model 154 stepping 3 microcode 0x434, cx8, cmov, fxsr, ht, mmx, 3dnowpref, sse, sse2, sse3, ssse3, sse4.1, sse4.2, popcnt, lzcnt, tsc, tscinvbit, avx, avx2, aes, erms, clmul, bmi1, bmi2, adx, sha, fma, vzeroupper, clflush, clflushopt, clwb, hv, serialize, rdtscp, rdpid, fsrm, f16c, cet_ibt, cet_ss
Processor Information for processor 0
  Max Mhz: 2000, Current Mhz: 1200, Mhz Limit: 2000
Processor Information for processor 1
  Max Mhz: 2000, Current Mhz: 2000, Mhz Limit: 2000
Processor Information for processor 2
  Max Mhz: 2000, Current Mhz: 2000, Mhz Limit: 2000
Processor Information for processor 3
  Max Mhz: 2000, Current Mhz: 2000, Mhz Limit: 2000
Processor Information for processor 4
  Max Mhz: 2000, Current Mhz: 2000, Mhz Limit: 2000
Processor Information for processor 5
  Max Mhz: 2000, Current Mhz: 2000, Mhz Limit: 2000
Processor Information for processor 6
  Max Mhz: 2000, Current Mhz: 2000, Mhz Limit: 2000
Processor Information for processor 7
  Max Mhz: 2000, Current Mhz: 2000, Mhz Limit: 2000
Processor Information for processor 8
  Max Mhz: 2000, Current Mhz: 1500, Mhz Limit: 1500
Processor Information for processor 9
  Max Mhz: 2000, Current Mhz: 1500, Mhz Limit: 1500
Processor Information for processor 10
  Max Mhz: 2000, Current Mhz: 1200, Mhz Limit: 1500
Processor Information for processor 11
  Max Mhz: 2000, Current Mhz: 1500, Mhz Limit: 1500

Memory: 4k page, system-wide physical 16107M (1780M free)
TotalPageFile size 24299M (AvailPageFile size 5M)
current process WorkingSet (physical memory assigned to process): 539M, peak: 540M
current process commit charge ("private bytes"): 576M, peak: 578M

vm_info: OpenJDK 64-Bit Server VM (21.0.3+-12282718-b509.11) for windows-amd64 JRE (21.0.3+-12282718-b509.11), built on 2024-08-27T17:34:15Z by "builder" with MS VC++ 16.10 / 16.11 (VS2019)

END.
