#
# There is insufficient memory for the Java Runtime Environment to continue.
# Native memory allocation (malloc) failed to allocate 1198400 bytes. Error detail: Chunk::new
# Possible reasons:
#   The system is out of physical RAM or swap space
#   This process is running with CompressedOops enabled, and the Java Heap may be blocking the growth of the native heap
# Possible solutions:
#   Reduce memory load on the system
#   Increase physical memory or swap space
#   Check if swap backing store is full
#   Decrease Java heap size (-Xmx/-Xms)
#   Decrease number of Java threads
#   Decrease Java thread stack sizes (-Xss)
#   Set larger code cache with -XX:ReservedCodeCacheSize=
#   JVM is running with Unscaled Compressed Oops mode in which the Java heap is
#     placed in the first 4GB address space. The Java Heap base address is the
#     maximum limit for the native heap growth. Please use -XX:HeapBaseMinAddress
#     to set the Java Heap base and to place the Java Heap above 4GB virtual address.
# This output file may be truncated or incomplete.
#
#  Out of Memory Error (arena.cpp:168), pid=6176, tid=13276
#
# JRE version: OpenJDK Runtime Environment (21.0.3) (build 21.0.3+-12282718-b509.11)
# Java VM: OpenJDK 64-Bit Server VM (21.0.3+-12282718-b509.11, mixed mode, tiered, compressed oops, compressed class ptrs, g1 gc, windows-amd64)
# No core dump will be written. Minidumps are not enabled by default on client versions of Windows
#

---------------  S U M M A R Y ------------

Command Line: --add-opens=java.base/java.lang=ALL-UNNAMED --add-opens=java.base/java.lang.invoke=ALL-UNNAMED --add-opens=java.base/java.util=ALL-UNNAMED --add-opens=java.prefs/java.util.prefs=ALL-UNNAMED --add-exports=jdk.compiler/com.sun.tools.javac.api=ALL-UNNAMED --add-exports=jdk.compiler/com.sun.tools.javac.util=ALL-UNNAMED --add-opens=java.base/java.util=ALL-UNNAMED --add-opens=java.prefs/java.util.prefs=ALL-UNNAMED --add-opens=java.base/java.nio.charset=ALL-UNNAMED --add-opens=java.base/java.net=ALL-UNNAMED --add-opens=java.base/java.util.concurrent=ALL-UNNAMED --add-opens=java.base/java.util.concurrent.atomic=ALL-UNNAMED --add-opens=java.xml/javax.xml.namespace=ALL-UNNAMED --add-opens=java.base/java.time=ALL-UNNAMED -Xmx2048m -Dfile.encoding=UTF-8 -Duser.country=IN -Duser.language=en -Duser.variant -javaagent:C:\Users\vinay\.gradle\wrapper\dists\gradle-9.1.0-bin\9agqghryom9wkf8r80qlhnts3\gradle-9.1.0\lib\agents\gradle-instrumentation-agent-9.1.0.jar org.gradle.launcher.daemon.bootstrap.GradleDaemon 9.1.0

Host: 12th Gen Intel(R) Core(TM) i5-12450H, 12 cores, 15G,  Windows 11 , 64 bit Build 26100 (10.0.26100.8246)
Time: Mon Apr 20 22:06:31 2026 India Standard Time elapsed time: 21.881535 seconds (0d 0h 0m 21s)

---------------  T H R E A D  ---------------

Current thread (0x0000022cf7a4a800):  JavaThread "C2 CompilerThread1" daemon [_thread_in_native, id=13276, stack(0x000000bcc4b00000,0x000000bcc4c00000) (1024K)]


Current CompileTask:
C2:  21881 11186       4       groovyjarjarantlr4.v4.runtime.atn.PredictionContext::join (549 bytes)

Stack: [0x000000bcc4b00000,0x000000bcc4c00000]
Native frames: (J=compiled Java code, j=interpreted, Vv=VM code, C=native code)
V  [jvm.dll+0x6cafb9]
V  [jvm.dll+0x858523]
V  [jvm.dll+0x85aa7e]
V  [jvm.dll+0x85b163]
V  [jvm.dll+0x27d356]
V  [jvm.dll+0xbf93d]
V  [jvm.dll+0xbfe73]
V  [jvm.dll+0x3b1ceb]
V  [jvm.dll+0x37e787]
V  [jvm.dll+0x37dbfa]
V  [jvm.dll+0x246b02]
V  [jvm.dll+0x2460d1]
V  [jvm.dll+0x1c5804]
V  [jvm.dll+0x25575c]
V  [jvm.dll+0x253c36]
V  [jvm.dll+0x3ec996]
V  [jvm.dll+0x800d78]
V  [jvm.dll+0x6c98cd]
C  [ucrtbase.dll+0x37b0]
C  [KERNEL32.DLL+0x2e8d7]
C  [ntdll.dll+0x8c3fc]


---------------  P R O C E S S  ---------------

Threads class SMR info:
_java_thread_list=0x0000022cfcf28040, length=102, elements={
0x0000022cddb95b20, 0x0000022cf7954210, 0x0000022cf7958c90, 0x0000022cf7959fc0,
0x0000022cf795aa20, 0x0000022cf79636d0, 0x0000022cf7964130, 0x0000022cf7965ef0,
0x0000022cf797ee30, 0x0000022cf7b0ba30, 0x0000022cfc082690, 0x0000022cfd9a8260,
0x0000022cfd9b5590, 0x0000022cfdd1bc00, 0x0000022cfdc602d0, 0x0000022cfdc60940,
0x0000022cfde648d0, 0x0000022cfda8fa20, 0x0000022cfcd50b80, 0x0000022cfcd532e0,
0x0000022cfcd52c50, 0x0000022cfcd51210, 0x0000022cfcd51f30, 0x0000022cfcd525c0,
0x0000022cfe0064d0, 0x0000022cfe004a90, 0x0000022cfe006b60, 0x0000022cfe0057b0,
0x0000022cfe0071f0, 0x0000022cfe003d70, 0x0000022cfe007880, 0x0000022cfe005120,
0x0000022cfe00b390, 0x0000022cfe00ad00, 0x0000022cfe009fe0, 0x0000022cfe00a670,
0x0000022cfe009950, 0x0000022cfe007f10, 0x0000022cfe0085a0, 0x0000022cfe008c30,
0x0000022cfe0092c0, 0x0000022c807b0d80, 0x0000022c807b1410, 0x0000022c807b27c0,
0x0000022c807b2130, 0x0000022c81b6de60, 0x0000022c81b6c420, 0x0000022c81b6e4f0,
0x0000022c81b6b700, 0x0000022c81b6bd90, 0x0000022c81b6cab0, 0x0000022c81b6d140,
0x0000022c81b6d7d0, 0x0000022c805db3e0, 0x0000022c805dce20, 0x0000022c805dd4b0,
0x0000022c805ddb40, 0x0000022c805dba70, 0x0000022c805dc790, 0x0000022c805dad50,
0x0000022c805da6c0, 0x0000022c805deef0, 0x0000022c805dc100, 0x0000022c805de860,
0x0000022c805e0930, 0x0000022c805de1d0, 0x0000022c805e1ce0, 0x0000022c805dfc10,
0x0000022c805e02a0, 0x0000022cffb25d70, 0x0000022cffb27120, 0x0000022cffb26a90,
0x0000022cffb277b0, 0x0000022cffb26400, 0x0000022cffb27e40, 0x0000022cffb284d0,
0x0000022cffb28b60, 0x0000022cffb256e0, 0x0000022cffb2b2c0, 0x0000022cffb2c670,
0x0000022cffb29880, 0x0000022cffb291f0, 0x0000022cffb2b950, 0x0000022cffb2a5a0,
0x0000022cffb29f10, 0x0000022cffb2ac30, 0x0000022cffb2bfe0, 0x0000022cffb2cd00,
0x0000022cfc7b7530, 0x0000022cfc7b5af0, 0x0000022cfc7b5460, 0x0000022cfc7b7bc0,
0x0000022cfc7b4740, 0x0000022cfc7b6ea0, 0x0000022cfc7b6810, 0x0000022cfc7b8250,
0x0000022cfc7b4dd0, 0x0000022cfc7b88e0, 0x0000022cfc7b8f70, 0x0000022cf7a4a800,
0x0000022c82174f50, 0x0000022cf7a49390
}

Java Threads: ( => current thread )
  0x0000022cddb95b20 JavaThread "main"                              [_thread_blocked, id=21428, stack(0x000000bcc1000000,0x000000bcc1100000) (1024K)]
  0x0000022cf7954210 JavaThread "Reference Handler"          daemon [_thread_blocked, id=2340, stack(0x000000bcc1800000,0x000000bcc1900000) (1024K)]
  0x0000022cf7958c90 JavaThread "Finalizer"                  daemon [_thread_blocked, id=21876, stack(0x000000bcc1900000,0x000000bcc1a00000) (1024K)]
  0x0000022cf7959fc0 JavaThread "Signal Dispatcher"          daemon [_thread_blocked, id=20604, stack(0x000000bcc1a00000,0x000000bcc1b00000) (1024K)]
  0x0000022cf795aa20 JavaThread "Attach Listener"            daemon [_thread_blocked, id=22316, stack(0x000000bcc1b00000,0x000000bcc1c00000) (1024K)]
  0x0000022cf79636d0 JavaThread "Service Thread"             daemon [_thread_blocked, id=23476, stack(0x000000bcc1c00000,0x000000bcc1d00000) (1024K)]
  0x0000022cf7964130 JavaThread "Monitor Deflation Thread"   daemon [_thread_blocked, id=9404, stack(0x000000bcc1d00000,0x000000bcc1e00000) (1024K)]
  0x0000022cf7965ef0 JavaThread "C2 CompilerThread0"         daemon [_thread_blocked, id=13028, stack(0x000000bcc1e00000,0x000000bcc1f00000) (1024K)]
  0x0000022cf797ee30 JavaThread "C1 CompilerThread0"         daemon [_thread_in_native, id=10044, stack(0x000000bcc1f00000,0x000000bcc2000000) (1024K)]
  0x0000022cf7b0ba30 JavaThread "Common-Cleaner"             daemon [_thread_blocked, id=17020, stack(0x000000bcc2000000,0x000000bcc2100000) (1024K)]
  0x0000022cfc082690 JavaThread "Notification Thread"        daemon [_thread_blocked, id=22676, stack(0x000000bcc2100000,0x000000bcc2200000) (1024K)]
  0x0000022cfd9a8260 JavaThread "Daemon health stats"               [_thread_blocked, id=14800, stack(0x000000bcc2b00000,0x000000bcc2c00000) (1024K)]
  0x0000022cfd9b5590 JavaThread "Incoming local TCP Connector on port 45009"        [_thread_in_native, id=22224, stack(0x000000bcc2c00000,0x000000bcc2d00000) (1024K)]
  0x0000022cfdd1bc00 JavaThread "Daemon periodic checks"            [_thread_blocked, id=9292, stack(0x000000bcc2d00000,0x000000bcc2e00000) (1024K)]
  0x0000022cfdc602d0 JavaThread "Daemon"                            [_thread_blocked, id=1144, stack(0x000000bcc2e00000,0x000000bcc2f00000) (1024K)]
  0x0000022cfdc60940 JavaThread "Handler for socket connection from /127.0.0.1:45009 to /127.0.0.1:45010"        [_thread_in_native, id=22564, stack(0x000000bcc2f00000,0x000000bcc3000000) (1024K)]
  0x0000022cfde648d0 JavaThread "Cancel handler"                    [_thread_blocked, id=4408, stack(0x000000bcc3000000,0x000000bcc3100000) (1024K)]
  0x0000022cfda8fa20 JavaThread "Daemon worker"                     [_thread_in_Java, id=20864, stack(0x000000bcc3100000,0x000000bcc3200000) (1024K)]
  0x0000022cfcd50b80 JavaThread "Asynchronous log dispatcher for DefaultDaemonConnection: socket connection from /127.0.0.1:45009 to /127.0.0.1:45010"        [_thread_blocked, id=9396, stack(0x000000bcc3200000,0x000000bcc3300000) (1024K)]
  0x0000022cfcd532e0 JavaThread "Stdin handler"                     [_thread_blocked, id=13468, stack(0x000000bcc3300000,0x000000bcc3400000) (1024K)]
  0x0000022cfcd52c50 JavaThread "Daemon client event forwarder"        [_thread_blocked, id=13656, stack(0x000000bcc3700000,0x000000bcc3800000) (1024K)]
  0x0000022cfcd51210 JavaThread "Cache worker for journal cache (C:\Users\vinay\.gradle\caches\journal-1)"        [_thread_blocked, id=14172, stack(0x000000bcc2200000,0x000000bcc2300000) (1024K)]
  0x0000022cfcd51f30 JavaThread "File lock request listener"        [_thread_in_native, id=14936, stack(0x000000bcc3800000,0x000000bcc3900000) (1024K)]
  0x0000022cfcd525c0 JavaThread "Cache worker for file hash cache (C:\Users\vinay\.gradle\caches\9.1.0\fileHashes)"        [_thread_blocked, id=22428, stack(0x000000bcc3900000,0x000000bcc3a00000) (1024K)]
  0x0000022cfe0064d0 JavaThread "Cache worker for file hash cache (C:\Users\vinay\Downloads\Madl_miniproject\Madl_miniproject\.gradle\9.1.0\fileHashes)"        [_thread_blocked, id=7224, stack(0x000000bcc3b00000,0x000000bcc3c00000) (1024K)]
  0x0000022cfe004a90 JavaThread "Cache worker for Build Output Cleanup Cache (C:\Users\vinay\Downloads\Madl_miniproject\Madl_miniproject\.gradle\buildOutputCleanup)"        [_thread_blocked, id=9564, stack(0x000000bcc3c00000,0x000000bcc3d00000) (1024K)]
  0x0000022cfe006b60 JavaThread "File watcher server"        daemon [_thread_in_native, id=19516, stack(0x000000bcc3d00000,0x000000bcc3e00000) (1024K)]
  0x0000022cfe0057b0 JavaThread "File watcher consumer"      daemon [_thread_blocked, id=12644, stack(0x000000bcc3e00000,0x000000bcc3f00000) (1024K)]
  0x0000022cfe0071f0 JavaThread "jar transforms"                    [_thread_blocked, id=12172, stack(0x000000bcc3f00000,0x000000bcc4000000) (1024K)]
  0x0000022cfe003d70 JavaThread "jar transforms Thread 2"           [_thread_blocked, id=5368, stack(0x000000bcc4000000,0x000000bcc4100000) (1024K)]
  0x0000022cfe007880 JavaThread "jar transforms Thread 3"           [_thread_blocked, id=14100, stack(0x000000bcc4100000,0x000000bcc4200000) (1024K)]
  0x0000022cfe005120 JavaThread "jar transforms Thread 4"           [_thread_blocked, id=20188, stack(0x000000bcc4200000,0x000000bcc4300000) (1024K)]
  0x0000022cfe00b390 JavaThread "jar transforms Thread 5"           [_thread_blocked, id=2384, stack(0x000000bcc4300000,0x000000bcc4400000) (1024K)]
  0x0000022cfe00ad00 JavaThread "jar transforms Thread 6"           [_thread_blocked, id=4288, stack(0x000000bcc4400000,0x000000bcc4500000) (1024K)]
  0x0000022cfe009fe0 JavaThread "jar transforms Thread 7"           [_thread_blocked, id=9064, stack(0x000000bcc4500000,0x000000bcc4600000) (1024K)]
  0x0000022cfe00a670 JavaThread "jar transforms Thread 8"           [_thread_blocked, id=10660, stack(0x000000bcc4600000,0x000000bcc4700000) (1024K)]
  0x0000022cfe009950 JavaThread "jar transforms Thread 9"           [_thread_blocked, id=18624, stack(0x000000bcc4700000,0x000000bcc4800000) (1024K)]
  0x0000022cfe007f10 JavaThread "jar transforms Thread 10"          [_thread_blocked, id=9208, stack(0x000000bcc4800000,0x000000bcc4900000) (1024K)]
  0x0000022cfe0085a0 JavaThread "jar transforms Thread 11"          [_thread_blocked, id=14592, stack(0x000000bcc4900000,0x000000bcc4a00000) (1024K)]
  0x0000022cfe008c30 JavaThread "jar transforms Thread 12"          [_thread_blocked, id=2468, stack(0x000000bcc4a00000,0x000000bcc4b00000) (1024K)]
  0x0000022cfe0092c0 JavaThread "Cache worker for checksums cache (C:\Users\vinay\Downloads\Madl_miniproject\Madl_miniproject\.gradle\9.1.0\checksums)"        [_thread_blocked, id=19028, stack(0x000000bcc4c00000,0x000000bcc4d00000) (1024K)]
  0x0000022c807b0d80 JavaThread "Cache worker for file content cache (C:\Users\vinay\.gradle\caches\9.1.0\fileContent)"        [_thread_blocked, id=11764, stack(0x000000bcc4d00000,0x000000bcc4e00000) (1024K)]
  0x0000022c807b1410 JavaThread "Cache worker for cache directory md-supplier (C:\Users\vinay\.gradle\caches\9.1.0\md-supplier)"        [_thread_blocked, id=5760, stack(0x000000bcc4e00000,0x000000bcc4f00000) (1024K)]
  0x0000022c807b27c0 JavaThread "Cache worker for cache directory md-rule (C:\Users\vinay\.gradle\caches\9.1.0\md-rule)"        [_thread_blocked, id=14644, stack(0x000000bcc4f00000,0x000000bcc5000000) (1024K)]
  0x0000022c807b2130 JavaThread "Unconstrained build operations"        [_thread_blocked, id=17444, stack(0x000000bcc5000000,0x000000bcc5100000) (1024K)]
  0x0000022c81b6de60 JavaThread "Unconstrained build operations Thread 2"        [_thread_blocked, id=22236, stack(0x000000bcc5100000,0x000000bcc5200000) (1024K)]
  0x0000022c81b6c420 JavaThread "Unconstrained build operations Thread 3"        [_thread_blocked, id=3848, stack(0x000000bcc5200000,0x000000bcc5300000) (1024K)]
  0x0000022c81b6e4f0 JavaThread "Unconstrained build operations Thread 4"        [_thread_blocked, id=228, stack(0x000000bcc5300000,0x000000bcc5400000) (1024K)]
  0x0000022c81b6b700 JavaThread "Unconstrained build operations Thread 5"        [_thread_blocked, id=4248, stack(0x000000bcc5400000,0x000000bcc5500000) (1024K)]
  0x0000022c81b6bd90 JavaThread "Unconstrained build operations Thread 6"        [_thread_blocked, id=14048, stack(0x000000bcc5500000,0x000000bcc5600000) (1024K)]
  0x0000022c81b6cab0 JavaThread "Unconstrained build operations Thread 7"        [_thread_blocked, id=192, stack(0x000000bcc5600000,0x000000bcc5700000) (1024K)]
  0x0000022c81b6d140 JavaThread "Unconstrained build operations Thread 8"        [_thread_blocked, id=1872, stack(0x000000bcc5700000,0x000000bcc5800000) (1024K)]
  0x0000022c81b6d7d0 JavaThread "Unconstrained build operations Thread 9"        [_thread_blocked, id=17720, stack(0x000000bcc5800000,0x000000bcc5900000) (1024K)]
  0x0000022c805db3e0 JavaThread "Unconstrained build operations Thread 10"        [_thread_blocked, id=4028, stack(0x000000bcc5900000,0x000000bcc5a00000) (1024K)]
  0x0000022c805dce20 JavaThread "Unconstrained build operations Thread 11"        [_thread_blocked, id=3508, stack(0x000000bcc5a00000,0x000000bcc5b00000) (1024K)]
  0x0000022c805dd4b0 JavaThread "Unconstrained build operations Thread 12"        [_thread_blocked, id=16356, stack(0x000000bcc5b00000,0x000000bcc5c00000) (1024K)]
  0x0000022c805ddb40 JavaThread "Unconstrained build operations Thread 13"        [_thread_blocked, id=14360, stack(0x000000bcc5c00000,0x000000bcc5d00000) (1024K)]
  0x0000022c805dba70 JavaThread "Unconstrained build operations Thread 14"        [_thread_blocked, id=5708, stack(0x000000bcc5d00000,0x000000bcc5e00000) (1024K)]
  0x0000022c805dc790 JavaThread "Unconstrained build operations Thread 15"        [_thread_blocked, id=21404, stack(0x000000bcc5e00000,0x000000bcc5f00000) (1024K)]
  0x0000022c805dad50 JavaThread "Unconstrained build operations Thread 16"        [_thread_blocked, id=14852, stack(0x000000bcc5f00000,0x000000bcc6000000) (1024K)]
  0x0000022c805da6c0 JavaThread "Unconstrained build operations Thread 17"        [_thread_blocked, id=3628, stack(0x000000bcc6000000,0x000000bcc6100000) (1024K)]
  0x0000022c805deef0 JavaThread "Unconstrained build operations Thread 18"        [_thread_blocked, id=14032, stack(0x000000bcc6100000,0x000000bcc6200000) (1024K)]
  0x0000022c805dc100 JavaThread "Unconstrained build operations Thread 19"        [_thread_blocked, id=6624, stack(0x000000bcc6200000,0x000000bcc6300000) (1024K)]
  0x0000022c805de860 JavaThread "Unconstrained build operations Thread 20"        [_thread_blocked, id=9464, stack(0x000000bcc6300000,0x000000bcc6400000) (1024K)]
  0x0000022c805e0930 JavaThread "Unconstrained build operations Thread 21"        [_thread_blocked, id=5524, stack(0x000000bcc6400000,0x000000bcc6500000) (1024K)]
  0x0000022c805de1d0 JavaThread "File lock release action executor"        [_thread_blocked, id=2284, stack(0x000000bcc3a00000,0x000000bcc3b00000) (1024K)]
  0x0000022c805e1ce0 JavaThread "Unconstrained build operations Thread 22"        [_thread_blocked, id=2000, stack(0x000000bcc6500000,0x000000bcc6600000) (1024K)]
  0x0000022c805dfc10 JavaThread "Unconstrained build operations Thread 23"        [_thread_blocked, id=14096, stack(0x000000bcc6600000,0x000000bcc6700000) (1024K)]
  0x0000022c805e02a0 JavaThread "Unconstrained build operations Thread 24"        [_thread_blocked, id=8236, stack(0x000000bcc6700000,0x000000bcc6800000) (1024K)]
  0x0000022cffb25d70 JavaThread "Unconstrained build operations Thread 25"        [_thread_blocked, id=4052, stack(0x000000bcc6800000,0x000000bcc6900000) (1024K)]
  0x0000022cffb27120 JavaThread "Unconstrained build operations Thread 26"        [_thread_blocked, id=12316, stack(0x000000bcc6900000,0x000000bcc6a00000) (1024K)]
  0x0000022cffb26a90 JavaThread "Unconstrained build operations Thread 27"        [_thread_blocked, id=16872, stack(0x000000bcc6a00000,0x000000bcc6b00000) (1024K)]
  0x0000022cffb277b0 JavaThread "Unconstrained build operations Thread 28"        [_thread_blocked, id=17912, stack(0x000000bcc6b00000,0x000000bcc6c00000) (1024K)]
  0x0000022cffb26400 JavaThread "Unconstrained build operations Thread 29"        [_thread_blocked, id=9444, stack(0x000000bcc6c00000,0x000000bcc6d00000) (1024K)]
  0x0000022cffb27e40 JavaThread "Unconstrained build operations Thread 30"        [_thread_blocked, id=17640, stack(0x000000bcc6d00000,0x000000bcc6e00000) (1024K)]
  0x0000022cffb284d0 JavaThread "Unconstrained build operations Thread 31"        [_thread_blocked, id=9660, stack(0x000000bcc6e00000,0x000000bcc6f00000) (1024K)]
  0x0000022cffb28b60 JavaThread "Unconstrained build operations Thread 32"        [_thread_blocked, id=18276, stack(0x000000bcc6f00000,0x000000bcc7000000) (1024K)]
  0x0000022cffb256e0 JavaThread "Unconstrained build operations Thread 33"        [_thread_blocked, id=7544, stack(0x000000bcc7000000,0x000000bcc7100000) (1024K)]
  0x0000022cffb2b2c0 JavaThread "Unconstrained build operations Thread 34"        [_thread_blocked, id=1800, stack(0x000000bcc7100000,0x000000bcc7200000) (1024K)]
  0x0000022cffb2c670 JavaThread "Unconstrained build operations Thread 35"        [_thread_blocked, id=18064, stack(0x000000bcc7200000,0x000000bcc7300000) (1024K)]
  0x0000022cffb29880 JavaThread "Unconstrained build operations Thread 36"        [_thread_blocked, id=21344, stack(0x000000bcc7300000,0x000000bcc7400000) (1024K)]
  0x0000022cffb291f0 JavaThread "Unconstrained build operations Thread 37"        [_thread_blocked, id=20524, stack(0x000000bcc7400000,0x000000bcc7500000) (1024K)]
  0x0000022cffb2b950 JavaThread "Unconstrained build operations Thread 38"        [_thread_blocked, id=11556, stack(0x000000bcc7500000,0x000000bcc7600000) (1024K)]
  0x0000022cffb2a5a0 JavaThread "Unconstrained build operations Thread 39"        [_thread_blocked, id=6340, stack(0x000000bcc7600000,0x000000bcc7700000) (1024K)]
  0x0000022cffb29f10 JavaThread "Unconstrained build operations Thread 40"        [_thread_blocked, id=12692, stack(0x000000bcc7700000,0x000000bcc7800000) (1024K)]
  0x0000022cffb2ac30 JavaThread "Unconstrained build operations Thread 41"        [_thread_blocked, id=19556, stack(0x000000bcc7800000,0x000000bcc7900000) (1024K)]
  0x0000022cffb2bfe0 JavaThread "Unconstrained build operations Thread 42"        [_thread_blocked, id=8148, stack(0x000000bcc7900000,0x000000bcc7a00000) (1024K)]
  0x0000022cffb2cd00 JavaThread "Unconstrained build operations Thread 43"        [_thread_blocked, id=7672, stack(0x000000bcc7a00000,0x000000bcc7b00000) (1024K)]
  0x0000022cfc7b7530 JavaThread "Unconstrained build operations Thread 44"        [_thread_blocked, id=18044, stack(0x000000bcc7b00000,0x000000bcc7c00000) (1024K)]
  0x0000022cfc7b5af0 JavaThread "Unconstrained build operations Thread 45"        [_thread_blocked, id=11848, stack(0x000000bcc7c00000,0x000000bcc7d00000) (1024K)]
  0x0000022cfc7b5460 JavaThread "Unconstrained build operations Thread 46"        [_thread_blocked, id=10248, stack(0x000000bcc7d00000,0x000000bcc7e00000) (1024K)]
  0x0000022cfc7b7bc0 JavaThread "Unconstrained build operations Thread 47"        [_thread_blocked, id=6528, stack(0x000000bcc7e00000,0x000000bcc7f00000) (1024K)]
  0x0000022cfc7b4740 JavaThread "Unconstrained build operations Thread 48"        [_thread_blocked, id=10216, stack(0x000000bcc7f00000,0x000000bcc8000000) (1024K)]
  0x0000022cfc7b6ea0 JavaThread "Unconstrained build operations Thread 49"        [_thread_blocked, id=13292, stack(0x000000bcc8000000,0x000000bcc8100000) (1024K)]
  0x0000022cfc7b6810 JavaThread "Unconstrained build operations Thread 50"        [_thread_blocked, id=5284, stack(0x000000bcc8100000,0x000000bcc8200000) (1024K)]
  0x0000022cfc7b8250 JavaThread "Unconstrained build operations Thread 51"        [_thread_blocked, id=3164, stack(0x000000bcc8200000,0x000000bcc8300000) (1024K)]
  0x0000022cfc7b4dd0 JavaThread "Unconstrained build operations Thread 52"        [_thread_blocked, id=14356, stack(0x000000bcc8300000,0x000000bcc8400000) (1024K)]
  0x0000022cfc7b88e0 JavaThread "Unconstrained build operations Thread 53"        [_thread_blocked, id=14064, stack(0x000000bcc8400000,0x000000bcc8500000) (1024K)]
  0x0000022cfc7b8f70 JavaThread "Unconstrained build operations Thread 54"        [_thread_blocked, id=7004, stack(0x000000bcc8500000,0x000000bcc8600000) (1024K)]
=>0x0000022cf7a4a800 JavaThread "C2 CompilerThread1"         daemon [_thread_in_native, id=13276, stack(0x000000bcc4b00000,0x000000bcc4c00000) (1024K)]
  0x0000022c82174f50 JavaThread "Problems report writer"            [_thread_blocked, id=20596, stack(0x000000bcc8600000,0x000000bcc8700000) (1024K)]
  0x0000022cf7a49390 JavaThread "C2 CompilerThread2"         daemon [_thread_blocked, id=11184, stack(0x000000bcc8700000,0x000000bcc8800000) (1024K)]
Total: 102

Other Threads:
  0x0000022cf78241b0 VMThread "VM Thread"                           [id=6404, stack(0x000000bcc1700000,0x000000bcc1800000) (1024K)]
  0x0000022cf77dde70 WatcherThread "VM Periodic Task Thread"        [id=22116, stack(0x000000bcc1600000,0x000000bcc1700000) (1024K)]
  0x0000022cdfd70eb0 WorkerThread "GC Thread#0"                     [id=11836, stack(0x000000bcc1100000,0x000000bcc1200000) (1024K)]
  0x0000022cfc7ee6b0 WorkerThread "GC Thread#1"                     [id=2720, stack(0x000000bcc2400000,0x000000bcc2500000) (1024K)]
  0x0000022cfc7eea50 WorkerThread "GC Thread#2"                     [id=12620, stack(0x000000bcc2500000,0x000000bcc2600000) (1024K)]
  0x0000022cfc403720 WorkerThread "GC Thread#3"                     [id=7680, stack(0x000000bcc2600000,0x000000bcc2700000) (1024K)]
  0x0000022cfc403ac0 WorkerThread "GC Thread#4"                     [id=9532, stack(0x000000bcc2700000,0x000000bcc2800000) (1024K)]
  0x0000022cfc463170 WorkerThread "GC Thread#5"                     [id=9248, stack(0x000000bcc2800000,0x000000bcc2900000) (1024K)]
  0x0000022cfd9c0600 WorkerThread "GC Thread#6"                     [id=5672, stack(0x000000bcc2300000,0x000000bcc2400000) (1024K)]
  0x0000022cfd9c09a0 WorkerThread "GC Thread#7"                     [id=22976, stack(0x000000bcc2900000,0x000000bcc2a00000) (1024K)]
  0x0000022cfd9c0d40 WorkerThread "GC Thread#8"                     [id=18340, stack(0x000000bcc2a00000,0x000000bcc2b00000) (1024K)]
  0x0000022cfda0f010 WorkerThread "GC Thread#9"                     [id=20300, stack(0x000000bcc3400000,0x000000bcc3500000) (1024K)]
  0x0000022cdfd81f10 ConcurrentGCThread "G1 Main Marker"            [id=2840, stack(0x000000bcc1200000,0x000000bcc1300000) (1024K)]
  0x0000022cdfd84c60 WorkerThread "G1 Conc#0"                       [id=2604, stack(0x000000bcc1300000,0x000000bcc1400000) (1024K)]
  0x0000022cfda0ec70 WorkerThread "G1 Conc#1"                       [id=13396, stack(0x000000bcc3500000,0x000000bcc3600000) (1024K)]
  0x0000022cfda0f3b0 WorkerThread "G1 Conc#2"                       [id=16048, stack(0x000000bcc3600000,0x000000bcc3700000) (1024K)]
  0x0000022cf7734220 ConcurrentGCThread "G1 Refine#0"               [id=21820, stack(0x000000bcc1400000,0x000000bcc1500000) (1024K)]
  0x0000022cf7734c30 ConcurrentGCThread "G1 Service"                [id=10168, stack(0x000000bcc1500000,0x000000bcc1600000) (1024K)]
Total: 18

Threads with active compile tasks:
C2 CompilerThread1    21932 11186       4       groovyjarjarantlr4.v4.runtime.atn.PredictionContext::join (549 bytes)
Total: 1

VM state: not at safepoint (normal execution)

VM Mutex/Monitor currently owned by a thread: None

Heap address: 0x0000000080000000, size: 2048 MB, Compressed Oops mode: 32-bit

CDS archive(s) not mapped
Compressed class space mapped at: 0x0000000100000000-0x0000000140000000, reserved size: 1073741824
Narrow klass base: 0x0000000000000000, Narrow klass shift: 3, Narrow klass range: 0x140000000

GC Precious Log:
 CardTable entry size: 512
 Card Set container configuration: InlinePtr #cards 5 size 8 Array Of Cards #cards 12 size 40 Howl #buckets 4 coarsen threshold 1843 Howl Bitmap #cards 512 size 80 coarsen threshold 460 Card regions per heap region 1 cards per card region 2048
 CPUs: 12 total, 12 available
 Memory: 16107M
 Large Page Support: Disabled
 NUMA Support: Disabled
 Compressed Oops: Enabled (32-bit)
 Heap Region Size: 1M
 Heap Min Capacity: 8M
 Heap Initial Capacity: 252M
 Heap Max Capacity: 2G
 Pre-touch: Disabled
 Parallel Workers: 10
 Concurrent Workers: 3
 Concurrent Refinement Workers: 10
 Periodic GC: Disabled

Heap:
 garbage-first heap   total 308224K, used 227642K [0x0000000080000000, 0x0000000100000000)
  region size 1024K, 100 young (102400K), 10 survivors (10240K)
 Metaspace       used 76757K, committed 78720K, reserved 1179648K
  class space    used 10594K, committed 11520K, reserved 1048576K

Heap Regions: E=young(eden), S=young(survivor), O=old, HS=humongous(starts), HC=humongous(continues), CS=collection set, F=free, TAMS=top-at-mark-start, PB=parsable bottom
|   0|0x0000000080000000, 0x0000000080100000, 0x0000000080100000|100%|HS|  |TAMS 0x0000000080000000| PB 0x0000000080000000| Complete 
|   1|0x0000000080100000, 0x0000000080200000, 0x0000000080200000|100%|HC|  |TAMS 0x0000000080100000| PB 0x0000000080100000| Complete 
|   2|0x0000000080200000, 0x0000000080300000, 0x0000000080300000|100%|HC|  |TAMS 0x0000000080200000| PB 0x0000000080200000| Complete 
|   3|0x0000000080300000, 0x0000000080400000, 0x0000000080400000|100%| O|  |TAMS 0x0000000080300000| PB 0x0000000080300000| Untracked 
|   4|0x0000000080400000, 0x0000000080500000, 0x0000000080500000|100%| O|  |TAMS 0x0000000080400000| PB 0x0000000080400000| Untracked 
|   5|0x0000000080500000, 0x0000000080600000, 0x0000000080600000|100%| O|  |TAMS 0x0000000080500000| PB 0x0000000080500000| Untracked 
|   6|0x0000000080600000, 0x0000000080700000, 0x0000000080700000|100%|HS|  |TAMS 0x0000000080600000| PB 0x0000000080600000| Complete 
|   7|0x0000000080700000, 0x0000000080800000, 0x0000000080800000|100%| O|  |TAMS 0x0000000080700000| PB 0x0000000080700000| Untracked 
|   8|0x0000000080800000, 0x0000000080900000, 0x0000000080900000|100%| O|  |TAMS 0x0000000080800000| PB 0x0000000080800000| Untracked 
|   9|0x0000000080900000, 0x0000000080a00000, 0x0000000080a00000|100%| O|  |TAMS 0x0000000080900000| PB 0x0000000080900000| Untracked 
|  10|0x0000000080a00000, 0x0000000080b00000, 0x0000000080b00000|100%| O|  |TAMS 0x0000000080a00000| PB 0x0000000080a00000| Untracked 
|  11|0x0000000080b00000, 0x0000000080c00000, 0x0000000080c00000|100%| O|  |TAMS 0x0000000080b00000| PB 0x0000000080b00000| Untracked 
|  12|0x0000000080c00000, 0x0000000080d00000, 0x0000000080d00000|100%| O|  |TAMS 0x0000000080c00000| PB 0x0000000080c00000| Untracked 
|  13|0x0000000080d00000, 0x0000000080e00000, 0x0000000080e00000|100%| O|  |TAMS 0x0000000080d00000| PB 0x0000000080d00000| Untracked 
|  14|0x0000000080e00000, 0x0000000080f00000, 0x0000000080f00000|100%| O|  |TAMS 0x0000000080e00000| PB 0x0000000080e00000| Untracked 
|  15|0x0000000080f00000, 0x0000000081000000, 0x0000000081000000|100%| O|  |TAMS 0x0000000080f00000| PB 0x0000000080f00000| Untracked 
|  16|0x0000000081000000, 0x0000000081100000, 0x0000000081100000|100%| O|  |TAMS 0x0000000081000000| PB 0x0000000081000000| Untracked 
|  17|0x0000000081100000, 0x0000000081200000, 0x0000000081200000|100%| O|  |TAMS 0x0000000081100000| PB 0x0000000081100000| Untracked 
|  18|0x0000000081200000, 0x0000000081300000, 0x0000000081300000|100%| O|  |TAMS 0x0000000081200000| PB 0x0000000081200000| Untracked 
|  19|0x0000000081300000, 0x0000000081400000, 0x0000000081400000|100%| O|  |TAMS 0x0000000081300000| PB 0x0000000081300000| Untracked 
|  20|0x0000000081400000, 0x0000000081500000, 0x0000000081500000|100%| O|  |TAMS 0x0000000081400000| PB 0x0000000081400000| Untracked 
|  21|0x0000000081500000, 0x0000000081600000, 0x0000000081600000|100%| O|  |TAMS 0x0000000081500000| PB 0x0000000081500000| Untracked 
|  22|0x0000000081600000, 0x0000000081700000, 0x0000000081700000|100%| O|  |TAMS 0x0000000081600000| PB 0x0000000081600000| Untracked 
|  23|0x0000000081700000, 0x0000000081800000, 0x0000000081800000|100%|HS|  |TAMS 0x0000000081700000| PB 0x0000000081700000| Complete 
|  24|0x0000000081800000, 0x0000000081900000, 0x0000000081900000|100%|HC|  |TAMS 0x0000000081800000| PB 0x0000000081800000| Complete 
|  25|0x0000000081900000, 0x0000000081a00000, 0x0000000081a00000|100%|HC|  |TAMS 0x0000000081900000| PB 0x0000000081900000| Complete 
|  26|0x0000000081a00000, 0x0000000081b00000, 0x0000000081b00000|100%|HC|  |TAMS 0x0000000081a00000| PB 0x0000000081a00000| Complete 
|  27|0x0000000081b00000, 0x0000000081c00000, 0x0000000081c00000|100%|HC|  |TAMS 0x0000000081b00000| PB 0x0000000081b00000| Complete 
|  28|0x0000000081c00000, 0x0000000081d00000, 0x0000000081d00000|100%|HC|  |TAMS 0x0000000081c00000| PB 0x0000000081c00000| Complete 
|  29|0x0000000081d00000, 0x0000000081e00000, 0x0000000081e00000|100%|HS|  |TAMS 0x0000000081d00000| PB 0x0000000081d00000| Complete 
|  30|0x0000000081e00000, 0x0000000081f00000, 0x0000000081f00000|100%|HC|  |TAMS 0x0000000081e00000| PB 0x0000000081e00000| Complete 
|  31|0x0000000081f00000, 0x0000000082000000, 0x0000000082000000|100%|HC|  |TAMS 0x0000000081f00000| PB 0x0000000081f00000| Complete 
|  32|0x0000000082000000, 0x0000000082100000, 0x0000000082100000|100%|HS|  |TAMS 0x0000000082000000| PB 0x0000000082000000| Complete 
|  33|0x0000000082100000, 0x0000000082200000, 0x0000000082200000|100%|HC|  |TAMS 0x0000000082100000| PB 0x0000000082100000| Complete 
|  34|0x0000000082200000, 0x0000000082300000, 0x0000000082300000|100%|HS|  |TAMS 0x0000000082200000| PB 0x0000000082200000| Complete 
|  35|0x0000000082300000, 0x0000000082400000, 0x0000000082400000|100%| O|  |TAMS 0x0000000082300000| PB 0x0000000082300000| Untracked 
|  36|0x0000000082400000, 0x0000000082500000, 0x0000000082500000|100%| O|  |TAMS 0x0000000082400000| PB 0x0000000082400000| Untracked 
|  37|0x0000000082500000, 0x0000000082600000, 0x0000000082600000|100%| O|  |TAMS 0x0000000082500000| PB 0x0000000082500000| Untracked 
|  38|0x0000000082600000, 0x0000000082700000, 0x0000000082700000|100%| O|  |TAMS 0x0000000082600000| PB 0x0000000082600000| Untracked 
|  39|0x0000000082700000, 0x0000000082800000, 0x0000000082800000|100%| O|  |TAMS 0x0000000082700000| PB 0x0000000082700000| Untracked 
|  40|0x0000000082800000, 0x0000000082900000, 0x0000000082900000|100%| O|  |TAMS 0x0000000082800000| PB 0x0000000082800000| Untracked 
|  41|0x0000000082900000, 0x0000000082a00000, 0x0000000082a00000|100%| O|  |TAMS 0x0000000082900000| PB 0x0000000082900000| Untracked 
|  42|0x0000000082a00000, 0x0000000082b00000, 0x0000000082b00000|100%| O|  |TAMS 0x0000000082a00000| PB 0x0000000082a00000| Untracked 
|  43|0x0000000082b00000, 0x0000000082c00000, 0x0000000082c00000|100%| O|  |TAMS 0x0000000082b00000| PB 0x0000000082b00000| Untracked 
|  44|0x0000000082c00000, 0x0000000082d00000, 0x0000000082d00000|100%| O|  |TAMS 0x0000000082c00000| PB 0x0000000082c00000| Untracked 
|  45|0x0000000082d00000, 0x0000000082e00000, 0x0000000082e00000|100%| O|  |TAMS 0x0000000082d00000| PB 0x0000000082d00000| Untracked 
|  46|0x0000000082e00000, 0x0000000082f00000, 0x0000000082f00000|100%| O|  |TAMS 0x0000000082e00000| PB 0x0000000082e00000| Untracked 
|  47|0x0000000082f00000, 0x0000000083000000, 0x0000000083000000|100%|HS|  |TAMS 0x0000000082f00000| PB 0x0000000082f00000| Complete 
|  48|0x0000000083000000, 0x0000000083100000, 0x0000000083100000|100%|HC|  |TAMS 0x0000000083000000| PB 0x0000000083000000| Complete 
|  49|0x0000000083100000, 0x0000000083200000, 0x0000000083200000|100%|HS|  |TAMS 0x0000000083100000| PB 0x0000000083100000| Complete 
|  50|0x0000000083200000, 0x0000000083300000, 0x0000000083300000|100%|HC|  |TAMS 0x0000000083200000| PB 0x0000000083200000| Complete 
|  51|0x0000000083300000, 0x0000000083400000, 0x0000000083400000|100%|HC|  |TAMS 0x0000000083300000| PB 0x0000000083300000| Complete 
|  52|0x0000000083400000, 0x0000000083500000, 0x0000000083500000|100%|HC|  |TAMS 0x0000000083400000| PB 0x0000000083400000| Complete 
|  53|0x0000000083500000, 0x0000000083600000, 0x0000000083600000|100%|HC|  |TAMS 0x0000000083500000| PB 0x0000000083500000| Complete 
|  54|0x0000000083600000, 0x0000000083700000, 0x0000000083700000|100%|HC|  |TAMS 0x0000000083600000| PB 0x0000000083600000| Complete 
|  55|0x0000000083700000, 0x0000000083800000, 0x0000000083800000|100%| O|  |TAMS 0x0000000083700000| PB 0x0000000083700000| Untracked 
|  56|0x0000000083800000, 0x0000000083900000, 0x0000000083900000|100%| O|  |TAMS 0x0000000083800000| PB 0x0000000083800000| Untracked 
|  57|0x0000000083900000, 0x0000000083a00000, 0x0000000083a00000|100%| O|  |TAMS 0x0000000083900000| PB 0x0000000083900000| Untracked 
|  58|0x0000000083a00000, 0x0000000083b00000, 0x0000000083b00000|100%| O|  |TAMS 0x0000000083a00000| PB 0x0000000083a00000| Untracked 
|  59|0x0000000083b00000, 0x0000000083c00000, 0x0000000083c00000|100%|HS|  |TAMS 0x0000000083b00000| PB 0x0000000083b00000| Complete 
|  60|0x0000000083c00000, 0x0000000083d00000, 0x0000000083d00000|100%|HC|  |TAMS 0x0000000083c00000| PB 0x0000000083c00000| Complete 
|  61|0x0000000083d00000, 0x0000000083e00000, 0x0000000083e00000|100%|HC|  |TAMS 0x0000000083d00000| PB 0x0000000083d00000| Complete 
|  62|0x0000000083e00000, 0x0000000083f00000, 0x0000000083f00000|100%|HC|  |TAMS 0x0000000083e00000| PB 0x0000000083e00000| Complete 
|  63|0x0000000083f00000, 0x0000000084000000, 0x0000000084000000|100%|HC|  |TAMS 0x0000000083f00000| PB 0x0000000083f00000| Complete 
|  64|0x0000000084000000, 0x0000000084100000, 0x0000000084100000|100%|HC|  |TAMS 0x0000000084000000| PB 0x0000000084000000| Complete 
|  65|0x0000000084100000, 0x0000000084200000, 0x0000000084200000|100%| O|  |TAMS 0x0000000084100000| PB 0x0000000084100000| Untracked 
|  66|0x0000000084200000, 0x0000000084300000, 0x0000000084300000|100%| O|  |TAMS 0x0000000084200000| PB 0x0000000084200000| Untracked 
|  67|0x0000000084300000, 0x0000000084400000, 0x0000000084400000|100%| O|  |TAMS 0x0000000084300000| PB 0x0000000084300000| Untracked 
|  68|0x0000000084400000, 0x0000000084500000, 0x0000000084500000|100%| O|  |TAMS 0x0000000084400000| PB 0x0000000084400000| Untracked 
|  69|0x0000000084500000, 0x0000000084600000, 0x0000000084600000|100%| O|  |TAMS 0x0000000084500000| PB 0x0000000084500000| Untracked 
|  70|0x0000000084600000, 0x0000000084700000, 0x0000000084700000|100%| O|  |TAMS 0x0000000084600000| PB 0x0000000084600000| Untracked 
|  71|0x0000000084700000, 0x0000000084800000, 0x0000000084800000|100%| O|  |TAMS 0x0000000084700000| PB 0x0000000084700000| Untracked 
|  72|0x0000000084800000, 0x0000000084900000, 0x0000000084900000|100%| O|  |TAMS 0x0000000084800000| PB 0x0000000084800000| Untracked 
|  73|0x0000000084900000, 0x0000000084a00000, 0x0000000084a00000|100%| O|  |TAMS 0x0000000084900000| PB 0x0000000084900000| Untracked 
|  74|0x0000000084a00000, 0x0000000084b00000, 0x0000000084b00000|100%| O|  |TAMS 0x0000000084a00000| PB 0x0000000084a00000| Untracked 
|  75|0x0000000084b00000, 0x0000000084c00000, 0x0000000084c00000|100%| O|  |TAMS 0x0000000084b00000| PB 0x0000000084b00000| Untracked 
|  76|0x0000000084c00000, 0x0000000084d00000, 0x0000000084d00000|100%| O|  |TAMS 0x0000000084c00000| PB 0x0000000084c00000| Untracked 
|  77|0x0000000084d00000, 0x0000000084e00000, 0x0000000084e00000|100%| O|  |TAMS 0x0000000084d00000| PB 0x0000000084d00000| Untracked 
|  78|0x0000000084e00000, 0x0000000084f00000, 0x0000000084f00000|100%| O|  |TAMS 0x0000000084e00000| PB 0x0000000084e00000| Untracked 
|  79|0x0000000084f00000, 0x0000000085000000, 0x0000000085000000|100%| O|  |TAMS 0x0000000084f00000| PB 0x0000000084f00000| Untracked 
|  80|0x0000000085000000, 0x0000000085100000, 0x0000000085100000|100%| O|  |TAMS 0x0000000085000000| PB 0x0000000085000000| Untracked 
|  81|0x0000000085100000, 0x0000000085200000, 0x0000000085200000|100%| O|  |TAMS 0x0000000085100000| PB 0x0000000085100000| Untracked 
|  82|0x0000000085200000, 0x0000000085300000, 0x0000000085300000|100%| O|  |TAMS 0x0000000085200000| PB 0x0000000085200000| Untracked 
|  83|0x0000000085300000, 0x0000000085400000, 0x0000000085400000|100%| O|  |TAMS 0x0000000085300000| PB 0x0000000085300000| Untracked 
|  84|0x0000000085400000, 0x0000000085500000, 0x0000000085500000|100%| O|  |TAMS 0x0000000085400000| PB 0x0000000085400000| Untracked 
|  85|0x0000000085500000, 0x0000000085600000, 0x0000000085600000|100%| O|  |TAMS 0x0000000085500000| PB 0x0000000085500000| Untracked 
|  86|0x0000000085600000, 0x0000000085700000, 0x0000000085700000|100%| O|  |TAMS 0x0000000085600000| PB 0x0000000085600000| Untracked 
|  87|0x0000000085700000, 0x0000000085800000, 0x0000000085800000|100%| O|  |TAMS 0x0000000085700000| PB 0x0000000085700000| Untracked 
|  88|0x0000000085800000, 0x0000000085900000, 0x0000000085900000|100%| O|Cm|TAMS 0x0000000085800000| PB 0x0000000085800000| Complete 
|  89|0x0000000085900000, 0x0000000085a00000, 0x0000000085a00000|100%| O|  |TAMS 0x0000000085900000| PB 0x0000000085900000| Untracked 
|  90|0x0000000085a00000, 0x0000000085b00000, 0x0000000085b00000|100%| O|  |TAMS 0x0000000085a00000| PB 0x0000000085a00000| Untracked 
|  91|0x0000000085b00000, 0x0000000085c00000, 0x0000000085c00000|100%| O|  |TAMS 0x0000000085b00000| PB 0x0000000085b00000| Untracked 
|  92|0x0000000085c00000, 0x0000000085d00000, 0x0000000085d00000|100%| O|  |TAMS 0x0000000085c00000| PB 0x0000000085c00000| Untracked 
|  93|0x0000000085d00000, 0x0000000085e00000, 0x0000000085e00000|100%| O|  |TAMS 0x0000000085d00000| PB 0x0000000085d00000| Untracked 
|  94|0x0000000085e00000, 0x0000000085f00000, 0x0000000085f00000|100%| O|  |TAMS 0x0000000085e00000| PB 0x0000000085e00000| Untracked 
|  95|0x0000000085f00000, 0x0000000086000000, 0x0000000086000000|100%| O|  |TAMS 0x0000000085f00000| PB 0x0000000085f00000| Untracked 
|  96|0x0000000086000000, 0x0000000086100000, 0x0000000086100000|100%| O|  |TAMS 0x0000000086000000| PB 0x0000000086000000| Untracked 
|  97|0x0000000086100000, 0x0000000086200000, 0x0000000086200000|100%| O|  |TAMS 0x0000000086100000| PB 0x0000000086100000| Untracked 
|  98|0x0000000086200000, 0x0000000086300000, 0x0000000086300000|100%| O|  |TAMS 0x0000000086200000| PB 0x0000000086200000| Untracked 
|  99|0x0000000086300000, 0x0000000086400000, 0x0000000086400000|100%| O|Cm|TAMS 0x0000000086300000| PB 0x0000000086300000| Complete 
| 100|0x0000000086400000, 0x0000000086500000, 0x0000000086500000|100%| O|  |TAMS 0x0000000086400000| PB 0x0000000086400000| Untracked 
| 101|0x0000000086500000, 0x0000000086600000, 0x0000000086600000|100%| O|  |TAMS 0x0000000086500000| PB 0x0000000086500000| Untracked 
| 102|0x0000000086600000, 0x0000000086700000, 0x0000000086700000|100%| O|  |TAMS 0x0000000086600000| PB 0x0000000086600000| Untracked 
| 103|0x0000000086700000, 0x0000000086800000, 0x0000000086800000|100%| O|  |TAMS 0x0000000086700000| PB 0x0000000086700000| Untracked 
| 104|0x0000000086800000, 0x0000000086900000, 0x0000000086900000|100%| O|  |TAMS 0x0000000086800000| PB 0x0000000086800000| Untracked 
| 105|0x0000000086900000, 0x0000000086a00000, 0x0000000086a00000|100%| O|Cm|TAMS 0x0000000086900000| PB 0x0000000086900000| Complete 
| 106|0x0000000086a00000, 0x0000000086b00000, 0x0000000086b00000|100%| O|  |TAMS 0x0000000086a00000| PB 0x0000000086a00000| Untracked 
| 107|0x0000000086b00000, 0x0000000086c00000, 0x0000000086c00000|100%| O|  |TAMS 0x0000000086b00000| PB 0x0000000086b00000| Untracked 
| 108|0x0000000086c00000, 0x0000000086d00000, 0x0000000086d00000|100%| O|  |TAMS 0x0000000086c00000| PB 0x0000000086c00000| Untracked 
| 109|0x0000000086d00000, 0x0000000086e00000, 0x0000000086e00000|100%| O|  |TAMS 0x0000000086d00000| PB 0x0000000086d00000| Untracked 
| 110|0x0000000086e00000, 0x0000000086f00000, 0x0000000086f00000|100%| O|  |TAMS 0x0000000086e00000| PB 0x0000000086e00000| Untracked 
| 111|0x0000000086f00000, 0x0000000087000000, 0x0000000087000000|100%| O|  |TAMS 0x0000000086f00000| PB 0x0000000086f00000| Untracked 
| 112|0x0000000087000000, 0x00000000870dccc0, 0x0000000087100000| 86%| O|  |TAMS 0x0000000087000000| PB 0x0000000087000000| Untracked 
| 113|0x0000000087100000, 0x0000000087200000, 0x0000000087200000|100%|HS|  |TAMS 0x0000000087100000| PB 0x0000000087100000| Complete 
| 114|0x0000000087200000, 0x0000000087300000, 0x0000000087300000|100%|HS|  |TAMS 0x0000000087200000| PB 0x0000000087200000| Complete 
| 115|0x0000000087300000, 0x0000000087400000, 0x0000000087400000|100%|HS|  |TAMS 0x0000000087300000| PB 0x0000000087300000| Complete 
| 116|0x0000000087400000, 0x0000000087500000, 0x0000000087500000|100%|HS|  |TAMS 0x0000000087400000| PB 0x0000000087400000| Complete 
| 117|0x0000000087500000, 0x0000000087600000, 0x0000000087600000|100%|HC|  |TAMS 0x0000000087500000| PB 0x0000000087500000| Complete 
| 118|0x0000000087600000, 0x0000000087700000, 0x0000000087700000|100%|HS|  |TAMS 0x0000000087600000| PB 0x0000000087600000| Complete 
| 119|0x0000000087700000, 0x0000000087800000, 0x0000000087800000|100%|HS|  |TAMS 0x0000000087700000| PB 0x0000000087700000| Complete 
| 120|0x0000000087800000, 0x0000000087800000, 0x0000000087900000|  0%| F|  |TAMS 0x0000000087800000| PB 0x0000000087800000| Untracked 
| 121|0x0000000087900000, 0x0000000087900000, 0x0000000087a00000|  0%| F|  |TAMS 0x0000000087900000| PB 0x0000000087900000| Untracked 
| 122|0x0000000087a00000, 0x0000000087a00000, 0x0000000087b00000|  0%| F|  |TAMS 0x0000000087a00000| PB 0x0000000087a00000| Untracked 
| 123|0x0000000087b00000, 0x0000000087b00000, 0x0000000087c00000|  0%| F|  |TAMS 0x0000000087b00000| PB 0x0000000087b00000| Untracked 
| 124|0x0000000087c00000, 0x0000000087c00000, 0x0000000087d00000|  0%| F|  |TAMS 0x0000000087c00000| PB 0x0000000087c00000| Untracked 
| 125|0x0000000087d00000, 0x0000000087d00000, 0x0000000087e00000|  0%| F|  |TAMS 0x0000000087d00000| PB 0x0000000087d00000| Untracked 
| 126|0x0000000087e00000, 0x0000000087e00000, 0x0000000087f00000|  0%| F|  |TAMS 0x0000000087e00000| PB 0x0000000087e00000| Untracked 
| 127|0x0000000087f00000, 0x0000000087f00000, 0x0000000088000000|  0%| F|  |TAMS 0x0000000087f00000| PB 0x0000000087f00000| Untracked 
| 128|0x0000000088000000, 0x0000000088000000, 0x0000000088100000|  0%| F|  |TAMS 0x0000000088000000| PB 0x0000000088000000| Untracked 
| 129|0x0000000088100000, 0x0000000088100000, 0x0000000088200000|  0%| F|  |TAMS 0x0000000088100000| PB 0x0000000088100000| Untracked 
| 130|0x0000000088200000, 0x0000000088200000, 0x0000000088300000|  0%| F|  |TAMS 0x0000000088200000| PB 0x0000000088200000| Untracked 
| 131|0x0000000088300000, 0x0000000088300000, 0x0000000088400000|  0%| F|  |TAMS 0x0000000088300000| PB 0x0000000088300000| Untracked 
| 132|0x0000000088400000, 0x0000000088400000, 0x0000000088500000|  0%| F|  |TAMS 0x0000000088400000| PB 0x0000000088400000| Untracked 
| 133|0x0000000088500000, 0x0000000088500000, 0x0000000088600000|  0%| F|  |TAMS 0x0000000088500000| PB 0x0000000088500000| Untracked 
| 134|0x0000000088600000, 0x0000000088600000, 0x0000000088700000|  0%| F|  |TAMS 0x0000000088600000| PB 0x0000000088600000| Untracked 
| 135|0x0000000088700000, 0x0000000088700000, 0x0000000088800000|  0%| F|  |TAMS 0x0000000088700000| PB 0x0000000088700000| Untracked 
| 136|0x0000000088800000, 0x0000000088800000, 0x0000000088900000|  0%| F|  |TAMS 0x0000000088800000| PB 0x0000000088800000| Untracked 
| 137|0x0000000088900000, 0x0000000088900000, 0x0000000088a00000|  0%| F|  |TAMS 0x0000000088900000| PB 0x0000000088900000| Untracked 
| 138|0x0000000088a00000, 0x0000000088a00000, 0x0000000088b00000|  0%| F|  |TAMS 0x0000000088a00000| PB 0x0000000088a00000| Untracked 
| 139|0x0000000088b00000, 0x0000000088b00000, 0x0000000088c00000|  0%| F|  |TAMS 0x0000000088b00000| PB 0x0000000088b00000| Untracked 
| 140|0x0000000088c00000, 0x0000000088c71ba8, 0x0000000088d00000| 44%| S|CS|TAMS 0x0000000088c00000| PB 0x0000000088c00000| Complete 
| 141|0x0000000088d00000, 0x0000000088e00000, 0x0000000088e00000|100%| S|CS|TAMS 0x0000000088d00000| PB 0x0000000088d00000| Complete 
| 142|0x0000000088e00000, 0x0000000088f00000, 0x0000000088f00000|100%| S|CS|TAMS 0x0000000088e00000| PB 0x0000000088e00000| Complete 
| 143|0x0000000088f00000, 0x0000000089000000, 0x0000000089000000|100%| S|CS|TAMS 0x0000000088f00000| PB 0x0000000088f00000| Complete 
| 144|0x0000000089000000, 0x0000000089100000, 0x0000000089100000|100%| S|CS|TAMS 0x0000000089000000| PB 0x0000000089000000| Complete 
| 145|0x0000000089100000, 0x0000000089200000, 0x0000000089200000|100%| S|CS|TAMS 0x0000000089100000| PB 0x0000000089100000| Complete 
| 146|0x0000000089200000, 0x0000000089300000, 0x0000000089300000|100%| S|CS|TAMS 0x0000000089200000| PB 0x0000000089200000| Complete 
| 147|0x0000000089300000, 0x0000000089400000, 0x0000000089400000|100%| S|CS|TAMS 0x0000000089300000| PB 0x0000000089300000| Complete 
| 148|0x0000000089400000, 0x0000000089500000, 0x0000000089500000|100%| S|CS|TAMS 0x0000000089400000| PB 0x0000000089400000| Complete 
| 149|0x0000000089500000, 0x0000000089600000, 0x0000000089600000|100%| S|CS|TAMS 0x0000000089500000| PB 0x0000000089500000| Complete 
| 150|0x0000000089600000, 0x0000000089600000, 0x0000000089700000|  0%| F|  |TAMS 0x0000000089600000| PB 0x0000000089600000| Untracked 
| 151|0x0000000089700000, 0x0000000089700000, 0x0000000089800000|  0%| F|  |TAMS 0x0000000089700000| PB 0x0000000089700000| Untracked 
| 152|0x0000000089800000, 0x0000000089800000, 0x0000000089900000|  0%| F|  |TAMS 0x0000000089800000| PB 0x0000000089800000| Untracked 
| 153|0x0000000089900000, 0x0000000089900000, 0x0000000089a00000|  0%| F|  |TAMS 0x0000000089900000| PB 0x0000000089900000| Untracked 
| 154|0x0000000089a00000, 0x0000000089a00000, 0x0000000089b00000|  0%| F|  |TAMS 0x0000000089a00000| PB 0x0000000089a00000| Untracked 
| 155|0x0000000089b00000, 0x0000000089b00000, 0x0000000089c00000|  0%| F|  |TAMS 0x0000000089b00000| PB 0x0000000089b00000| Untracked 
| 156|0x0000000089c00000, 0x0000000089c00000, 0x0000000089d00000|  0%| F|  |TAMS 0x0000000089c00000| PB 0x0000000089c00000| Untracked 
| 157|0x0000000089d00000, 0x0000000089d00000, 0x0000000089e00000|  0%| F|  |TAMS 0x0000000089d00000| PB 0x0000000089d00000| Untracked 
| 158|0x0000000089e00000, 0x0000000089e00000, 0x0000000089f00000|  0%| F|  |TAMS 0x0000000089e00000| PB 0x0000000089e00000| Untracked 
| 159|0x0000000089f00000, 0x0000000089f00000, 0x000000008a000000|  0%| F|  |TAMS 0x0000000089f00000| PB 0x0000000089f00000| Untracked 
| 160|0x000000008a000000, 0x000000008a000000, 0x000000008a100000|  0%| F|  |TAMS 0x000000008a000000| PB 0x000000008a000000| Untracked 
| 161|0x000000008a100000, 0x000000008a100000, 0x000000008a200000|  0%| F|  |TAMS 0x000000008a100000| PB 0x000000008a100000| Untracked 
| 162|0x000000008a200000, 0x000000008a200000, 0x000000008a300000|  0%| F|  |TAMS 0x000000008a200000| PB 0x000000008a200000| Untracked 
| 163|0x000000008a300000, 0x000000008a300000, 0x000000008a400000|  0%| F|  |TAMS 0x000000008a300000| PB 0x000000008a300000| Untracked 
| 164|0x000000008a400000, 0x000000008a400000, 0x000000008a500000|  0%| F|  |TAMS 0x000000008a400000| PB 0x000000008a400000| Untracked 
| 165|0x000000008a500000, 0x000000008a500000, 0x000000008a600000|  0%| F|  |TAMS 0x000000008a500000| PB 0x000000008a500000| Untracked 
| 166|0x000000008a600000, 0x000000008a600000, 0x000000008a700000|  0%| F|  |TAMS 0x000000008a600000| PB 0x000000008a600000| Untracked 
| 167|0x000000008a700000, 0x000000008a700000, 0x000000008a800000|  0%| F|  |TAMS 0x000000008a700000| PB 0x000000008a700000| Untracked 
| 168|0x000000008a800000, 0x000000008a800000, 0x000000008a900000|  0%| F|  |TAMS 0x000000008a800000| PB 0x000000008a800000| Untracked 
| 169|0x000000008a900000, 0x000000008a900000, 0x000000008aa00000|  0%| F|  |TAMS 0x000000008a900000| PB 0x000000008a900000| Untracked 
| 170|0x000000008aa00000, 0x000000008aa00000, 0x000000008ab00000|  0%| F|  |TAMS 0x000000008aa00000| PB 0x000000008aa00000| Untracked 
| 171|0x000000008ab00000, 0x000000008ab00000, 0x000000008ac00000|  0%| F|  |TAMS 0x000000008ab00000| PB 0x000000008ab00000| Untracked 
| 172|0x000000008ac00000, 0x000000008ac00000, 0x000000008ad00000|  0%| F|  |TAMS 0x000000008ac00000| PB 0x000000008ac00000| Untracked 
| 173|0x000000008ad00000, 0x000000008ad00000, 0x000000008ae00000|  0%| F|  |TAMS 0x000000008ad00000| PB 0x000000008ad00000| Untracked 
| 174|0x000000008ae00000, 0x000000008ae00000, 0x000000008af00000|  0%| F|  |TAMS 0x000000008ae00000| PB 0x000000008ae00000| Untracked 
| 175|0x000000008af00000, 0x000000008af00000, 0x000000008b000000|  0%| F|  |TAMS 0x000000008af00000| PB 0x000000008af00000| Untracked 
| 176|0x000000008b000000, 0x000000008b000000, 0x000000008b100000|  0%| F|  |TAMS 0x000000008b000000| PB 0x000000008b000000| Untracked 
| 177|0x000000008b100000, 0x000000008b100000, 0x000000008b200000|  0%| F|  |TAMS 0x000000008b100000| PB 0x000000008b100000| Untracked 
| 178|0x000000008b200000, 0x000000008b200000, 0x000000008b300000|  0%| F|  |TAMS 0x000000008b200000| PB 0x000000008b200000| Untracked 
| 179|0x000000008b300000, 0x000000008b300000, 0x000000008b400000|  0%| F|  |TAMS 0x000000008b300000| PB 0x000000008b300000| Untracked 
| 180|0x000000008b400000, 0x000000008b400000, 0x000000008b500000|  0%| F|  |TAMS 0x000000008b400000| PB 0x000000008b400000| Untracked 
| 181|0x000000008b500000, 0x000000008b500000, 0x000000008b600000|  0%| F|  |TAMS 0x000000008b500000| PB 0x000000008b500000| Untracked 
| 182|0x000000008b600000, 0x000000008b600000, 0x000000008b700000|  0%| F|  |TAMS 0x000000008b600000| PB 0x000000008b600000| Untracked 
| 183|0x000000008b700000, 0x000000008b700000, 0x000000008b800000|  0%| F|  |TAMS 0x000000008b700000| PB 0x000000008b700000| Untracked 
| 184|0x000000008b800000, 0x000000008b800000, 0x000000008b900000|  0%| F|  |TAMS 0x000000008b800000| PB 0x000000008b800000| Untracked 
| 185|0x000000008b900000, 0x000000008b900000, 0x000000008ba00000|  0%| F|  |TAMS 0x000000008b900000| PB 0x000000008b900000| Untracked 
| 186|0x000000008ba00000, 0x000000008ba00000, 0x000000008bb00000|  0%| F|  |TAMS 0x000000008ba00000| PB 0x000000008ba00000| Untracked 
| 187|0x000000008bb00000, 0x000000008bb00000, 0x000000008bc00000|  0%| F|  |TAMS 0x000000008bb00000| PB 0x000000008bb00000| Untracked 
| 188|0x000000008bc00000, 0x000000008bc00000, 0x000000008bd00000|  0%| F|  |TAMS 0x000000008bc00000| PB 0x000000008bc00000| Untracked 
| 189|0x000000008bd00000, 0x000000008bd00000, 0x000000008be00000|  0%| F|  |TAMS 0x000000008bd00000| PB 0x000000008bd00000| Untracked 
| 190|0x000000008be00000, 0x000000008be00000, 0x000000008bf00000|  0%| F|  |TAMS 0x000000008be00000| PB 0x000000008be00000| Untracked 
| 191|0x000000008bf00000, 0x000000008bf00000, 0x000000008c000000|  0%| F|  |TAMS 0x000000008bf00000| PB 0x000000008bf00000| Untracked 
| 192|0x000000008c000000, 0x000000008c000000, 0x000000008c100000|  0%| F|  |TAMS 0x000000008c000000| PB 0x000000008c000000| Untracked 
| 193|0x000000008c100000, 0x000000008c100000, 0x000000008c200000|  0%| F|  |TAMS 0x000000008c100000| PB 0x000000008c100000| Untracked 
| 194|0x000000008c200000, 0x000000008c200000, 0x000000008c300000|  0%| F|  |TAMS 0x000000008c200000| PB 0x000000008c200000| Untracked 
| 195|0x000000008c300000, 0x000000008c300000, 0x000000008c400000|  0%| F|  |TAMS 0x000000008c300000| PB 0x000000008c300000| Untracked 
| 196|0x000000008c400000, 0x000000008c400000, 0x000000008c500000|  0%| F|  |TAMS 0x000000008c400000| PB 0x000000008c400000| Untracked 
| 197|0x000000008c500000, 0x000000008c500000, 0x000000008c600000|  0%| F|  |TAMS 0x000000008c500000| PB 0x000000008c500000| Untracked 
| 198|0x000000008c600000, 0x000000008c600000, 0x000000008c700000|  0%| F|  |TAMS 0x000000008c600000| PB 0x000000008c600000| Untracked 
| 199|0x000000008c700000, 0x000000008c700000, 0x000000008c800000|  0%| F|  |TAMS 0x000000008c700000| PB 0x000000008c700000| Untracked 
| 200|0x000000008c800000, 0x000000008c800000, 0x000000008c900000|  0%| F|  |TAMS 0x000000008c800000| PB 0x000000008c800000| Untracked 
| 201|0x000000008c900000, 0x000000008c900000, 0x000000008ca00000|  0%| F|  |TAMS 0x000000008c900000| PB 0x000000008c900000| Untracked 
| 202|0x000000008ca00000, 0x000000008ca00000, 0x000000008cb00000|  0%| F|  |TAMS 0x000000008ca00000| PB 0x000000008ca00000| Untracked 
| 203|0x000000008cb00000, 0x000000008cb00000, 0x000000008cc00000|  0%| F|  |TAMS 0x000000008cb00000| PB 0x000000008cb00000| Untracked 
| 204|0x000000008cc00000, 0x000000008cc00000, 0x000000008cd00000|  0%| F|  |TAMS 0x000000008cc00000| PB 0x000000008cc00000| Untracked 
| 205|0x000000008cd00000, 0x000000008cd00000, 0x000000008ce00000|  0%| F|  |TAMS 0x000000008cd00000| PB 0x000000008cd00000| Untracked 
| 206|0x000000008ce00000, 0x000000008ce00000, 0x000000008cf00000|  0%| F|  |TAMS 0x000000008ce00000| PB 0x000000008ce00000| Untracked 
| 207|0x000000008cf00000, 0x000000008cf832d8, 0x000000008d000000| 51%| E|  |TAMS 0x000000008cf00000| PB 0x000000008cf00000| Complete 
| 208|0x000000008d000000, 0x000000008d100000, 0x000000008d100000|100%| E|CS|TAMS 0x000000008d000000| PB 0x000000008d000000| Complete 
| 209|0x000000008d100000, 0x000000008d200000, 0x000000008d200000|100%| E|CS|TAMS 0x000000008d100000| PB 0x000000008d100000| Complete 
| 210|0x000000008d200000, 0x000000008d300000, 0x000000008d300000|100%| E|CS|TAMS 0x000000008d200000| PB 0x000000008d200000| Complete 
| 211|0x000000008d300000, 0x000000008d400000, 0x000000008d400000|100%| E|CS|TAMS 0x000000008d300000| PB 0x000000008d300000| Complete 
| 212|0x000000008d400000, 0x000000008d500000, 0x000000008d500000|100%| E|CS|TAMS 0x000000008d400000| PB 0x000000008d400000| Complete 
| 213|0x000000008d500000, 0x000000008d600000, 0x000000008d600000|100%| E|CS|TAMS 0x000000008d500000| PB 0x000000008d500000| Complete 
| 214|0x000000008d600000, 0x000000008d700000, 0x000000008d700000|100%| E|CS|TAMS 0x000000008d600000| PB 0x000000008d600000| Complete 
| 215|0x000000008d700000, 0x000000008d800000, 0x000000008d800000|100%| E|CS|TAMS 0x000000008d700000| PB 0x000000008d700000| Complete 
| 216|0x000000008d800000, 0x000000008d900000, 0x000000008d900000|100%| E|CS|TAMS 0x000000008d800000| PB 0x000000008d800000| Complete 
| 217|0x000000008d900000, 0x000000008da00000, 0x000000008da00000|100%| E|CS|TAMS 0x000000008d900000| PB 0x000000008d900000| Complete 
| 218|0x000000008da00000, 0x000000008db00000, 0x000000008db00000|100%| E|CS|TAMS 0x000000008da00000| PB 0x000000008da00000| Complete 
| 219|0x000000008db00000, 0x000000008dc00000, 0x000000008dc00000|100%| E|CS|TAMS 0x000000008db00000| PB 0x000000008db00000| Complete 
| 220|0x000000008dc00000, 0x000000008dd00000, 0x000000008dd00000|100%| E|CS|TAMS 0x000000008dc00000| PB 0x000000008dc00000| Complete 
| 221|0x000000008dd00000, 0x000000008de00000, 0x000000008de00000|100%| E|CS|TAMS 0x000000008dd00000| PB 0x000000008dd00000| Complete 
| 222|0x000000008de00000, 0x000000008df00000, 0x000000008df00000|100%| E|CS|TAMS 0x000000008de00000| PB 0x000000008de00000| Complete 
| 223|0x000000008df00000, 0x000000008e000000, 0x000000008e000000|100%| E|CS|TAMS 0x000000008df00000| PB 0x000000008df00000| Complete 
| 224|0x000000008e000000, 0x000000008e100000, 0x000000008e100000|100%| E|CS|TAMS 0x000000008e000000| PB 0x000000008e000000| Complete 
| 225|0x000000008e100000, 0x000000008e200000, 0x000000008e200000|100%| E|CS|TAMS 0x000000008e100000| PB 0x000000008e100000| Complete 
| 226|0x000000008e200000, 0x000000008e300000, 0x000000008e300000|100%| E|CS|TAMS 0x000000008e200000| PB 0x000000008e200000| Complete 
| 227|0x000000008e300000, 0x000000008e400000, 0x000000008e400000|100%| E|CS|TAMS 0x000000008e300000| PB 0x000000008e300000| Complete 
| 228|0x000000008e400000, 0x000000008e500000, 0x000000008e500000|100%| E|CS|TAMS 0x000000008e400000| PB 0x000000008e400000| Complete 
| 229|0x000000008e500000, 0x000000008e600000, 0x000000008e600000|100%| E|CS|TAMS 0x000000008e500000| PB 0x000000008e500000| Complete 
| 230|0x000000008e600000, 0x000000008e700000, 0x000000008e700000|100%| E|CS|TAMS 0x000000008e600000| PB 0x000000008e600000| Complete 
| 231|0x000000008e700000, 0x000000008e800000, 0x000000008e800000|100%| E|CS|TAMS 0x000000008e700000| PB 0x000000008e700000| Complete 
| 232|0x000000008e800000, 0x000000008e900000, 0x000000008e900000|100%| E|CS|TAMS 0x000000008e800000| PB 0x000000008e800000| Complete 
| 233|0x000000008e900000, 0x000000008ea00000, 0x000000008ea00000|100%| E|CS|TAMS 0x000000008e900000| PB 0x000000008e900000| Complete 
| 234|0x000000008ea00000, 0x000000008eb00000, 0x000000008eb00000|100%| E|CS|TAMS 0x000000008ea00000| PB 0x000000008ea00000| Complete 
| 235|0x000000008eb00000, 0x000000008ec00000, 0x000000008ec00000|100%| E|CS|TAMS 0x000000008eb00000| PB 0x000000008eb00000| Complete 
| 236|0x000000008ec00000, 0x000000008ed00000, 0x000000008ed00000|100%| E|CS|TAMS 0x000000008ec00000| PB 0x000000008ec00000| Complete 
| 237|0x000000008ed00000, 0x000000008ee00000, 0x000000008ee00000|100%| E|CS|TAMS 0x000000008ed00000| PB 0x000000008ed00000| Complete 
| 238|0x000000008ee00000, 0x000000008ef00000, 0x000000008ef00000|100%| E|CS|TAMS 0x000000008ee00000| PB 0x000000008ee00000| Complete 
| 239|0x000000008ef00000, 0x000000008f000000, 0x000000008f000000|100%| E|CS|TAMS 0x000000008ef00000| PB 0x000000008ef00000| Complete 
| 240|0x000000008f000000, 0x000000008f100000, 0x000000008f100000|100%| E|CS|TAMS 0x000000008f000000| PB 0x000000008f000000| Complete 
| 241|0x000000008f100000, 0x000000008f200000, 0x000000008f200000|100%| E|CS|TAMS 0x000000008f100000| PB 0x000000008f100000| Complete 
| 242|0x000000008f200000, 0x000000008f300000, 0x000000008f300000|100%| E|CS|TAMS 0x000000008f200000| PB 0x000000008f200000| Complete 
| 243|0x000000008f300000, 0x000000008f400000, 0x000000008f400000|100%| E|CS|TAMS 0x000000008f300000| PB 0x000000008f300000| Complete 
| 244|0x000000008f400000, 0x000000008f500000, 0x000000008f500000|100%| E|CS|TAMS 0x000000008f400000| PB 0x000000008f400000| Complete 
| 245|0x000000008f500000, 0x000000008f600000, 0x000000008f600000|100%| E|CS|TAMS 0x000000008f500000| PB 0x000000008f500000| Complete 
| 246|0x000000008f600000, 0x000000008f700000, 0x000000008f700000|100%| E|CS|TAMS 0x000000008f600000| PB 0x000000008f600000| Complete 
| 247|0x000000008f700000, 0x000000008f800000, 0x000000008f800000|100%| E|CS|TAMS 0x000000008f700000| PB 0x000000008f700000| Complete 
| 248|0x000000008f800000, 0x000000008f900000, 0x000000008f900000|100%| E|CS|TAMS 0x000000008f800000| PB 0x000000008f800000| Complete 
| 249|0x000000008f900000, 0x000000008fa00000, 0x000000008fa00000|100%| E|CS|TAMS 0x000000008f900000| PB 0x000000008f900000| Complete 
| 250|0x000000008fa00000, 0x000000008fb00000, 0x000000008fb00000|100%| E|CS|TAMS 0x000000008fa00000| PB 0x000000008fa00000| Complete 
| 251|0x000000008fb00000, 0x000000008fc00000, 0x000000008fc00000|100%| E|CS|TAMS 0x000000008fb00000| PB 0x000000008fb00000| Complete 
| 252|0x000000008fc00000, 0x000000008fd00000, 0x000000008fd00000|100%| E|CS|TAMS 0x000000008fc00000| PB 0x000000008fc00000| Complete 
| 253|0x000000008fd00000, 0x000000008fe00000, 0x000000008fe00000|100%| E|CS|TAMS 0x000000008fd00000| PB 0x000000008fd00000| Complete 
| 254|0x000000008fe00000, 0x000000008ff00000, 0x000000008ff00000|100%| E|CS|TAMS 0x000000008fe00000| PB 0x000000008fe00000| Complete 
| 255|0x000000008ff00000, 0x0000000090000000, 0x0000000090000000|100%| E|CS|TAMS 0x000000008ff00000| PB 0x000000008ff00000| Complete 
| 256|0x0000000090000000, 0x0000000090100000, 0x0000000090100000|100%| E|CS|TAMS 0x0000000090000000| PB 0x0000000090000000| Complete 
| 257|0x0000000090100000, 0x0000000090200000, 0x0000000090200000|100%| E|CS|TAMS 0x0000000090100000| PB 0x0000000090100000| Complete 
| 258|0x0000000090200000, 0x0000000090300000, 0x0000000090300000|100%| E|CS|TAMS 0x0000000090200000| PB 0x0000000090200000| Complete 
| 259|0x0000000090300000, 0x0000000090400000, 0x0000000090400000|100%| E|CS|TAMS 0x0000000090300000| PB 0x0000000090300000| Complete 
| 260|0x0000000090400000, 0x0000000090500000, 0x0000000090500000|100%| E|CS|TAMS 0x0000000090400000| PB 0x0000000090400000| Complete 
| 261|0x0000000090500000, 0x0000000090600000, 0x0000000090600000|100%| E|CS|TAMS 0x0000000090500000| PB 0x0000000090500000| Complete 
| 262|0x0000000090600000, 0x0000000090700000, 0x0000000090700000|100%| E|CS|TAMS 0x0000000090600000| PB 0x0000000090600000| Complete 
| 263|0x0000000090700000, 0x0000000090800000, 0x0000000090800000|100%| E|CS|TAMS 0x0000000090700000| PB 0x0000000090700000| Complete 
| 264|0x0000000090800000, 0x0000000090900000, 0x0000000090900000|100%| E|CS|TAMS 0x0000000090800000| PB 0x0000000090800000| Complete 
| 265|0x0000000090900000, 0x0000000090a00000, 0x0000000090a00000|100%| E|CS|TAMS 0x0000000090900000| PB 0x0000000090900000| Complete 
| 266|0x0000000090a00000, 0x0000000090b00000, 0x0000000090b00000|100%| E|CS|TAMS 0x0000000090a00000| PB 0x0000000090a00000| Complete 
| 267|0x0000000090b00000, 0x0000000090c00000, 0x0000000090c00000|100%| E|CS|TAMS 0x0000000090b00000| PB 0x0000000090b00000| Complete 
| 268|0x0000000090c00000, 0x0000000090d00000, 0x0000000090d00000|100%| E|CS|TAMS 0x0000000090c00000| PB 0x0000000090c00000| Complete 
| 269|0x0000000090d00000, 0x0000000090e00000, 0x0000000090e00000|100%| E|CS|TAMS 0x0000000090d00000| PB 0x0000000090d00000| Complete 
| 270|0x0000000090e00000, 0x0000000090f00000, 0x0000000090f00000|100%| E|CS|TAMS 0x0000000090e00000| PB 0x0000000090e00000| Complete 
| 271|0x0000000090f00000, 0x0000000091000000, 0x0000000091000000|100%| E|CS|TAMS 0x0000000090f00000| PB 0x0000000090f00000| Complete 
| 272|0x0000000091000000, 0x0000000091100000, 0x0000000091100000|100%| E|CS|TAMS 0x0000000091000000| PB 0x0000000091000000| Complete 
| 273|0x0000000091100000, 0x0000000091200000, 0x0000000091200000|100%| E|CS|TAMS 0x0000000091100000| PB 0x0000000091100000| Complete 
| 274|0x0000000091200000, 0x0000000091300000, 0x0000000091300000|100%| E|CS|TAMS 0x0000000091200000| PB 0x0000000091200000| Complete 
| 275|0x0000000091300000, 0x0000000091400000, 0x0000000091400000|100%| E|CS|TAMS 0x0000000091300000| PB 0x0000000091300000| Complete 
| 276|0x0000000091400000, 0x0000000091500000, 0x0000000091500000|100%| E|CS|TAMS 0x0000000091400000| PB 0x0000000091400000| Complete 
| 277|0x0000000091500000, 0x0000000091600000, 0x0000000091600000|100%| E|CS|TAMS 0x0000000091500000| PB 0x0000000091500000| Complete 
| 278|0x0000000091600000, 0x0000000091700000, 0x0000000091700000|100%| E|CS|TAMS 0x0000000091600000| PB 0x0000000091600000| Complete 
| 279|0x0000000091700000, 0x0000000091800000, 0x0000000091800000|100%| E|CS|TAMS 0x0000000091700000| PB 0x0000000091700000| Complete 
| 280|0x0000000091800000, 0x0000000091900000, 0x0000000091900000|100%| E|CS|TAMS 0x0000000091800000| PB 0x0000000091800000| Complete 
| 281|0x0000000091900000, 0x0000000091a00000, 0x0000000091a00000|100%| E|CS|TAMS 0x0000000091900000| PB 0x0000000091900000| Complete 
| 282|0x0000000091a00000, 0x0000000091b00000, 0x0000000091b00000|100%| E|CS|TAMS 0x0000000091a00000| PB 0x0000000091a00000| Complete 
| 283|0x0000000091b00000, 0x0000000091c00000, 0x0000000091c00000|100%| E|CS|TAMS 0x0000000091b00000| PB 0x0000000091b00000| Complete 
| 284|0x0000000091c00000, 0x0000000091d00000, 0x0000000091d00000|100%| E|CS|TAMS 0x0000000091c00000| PB 0x0000000091c00000| Complete 
| 285|0x0000000091d00000, 0x0000000091e00000, 0x0000000091e00000|100%| E|CS|TAMS 0x0000000091d00000| PB 0x0000000091d00000| Complete 
| 286|0x0000000091e00000, 0x0000000091f00000, 0x0000000091f00000|100%| E|CS|TAMS 0x0000000091e00000| PB 0x0000000091e00000| Complete 
| 287|0x0000000091f00000, 0x0000000092000000, 0x0000000092000000|100%| E|CS|TAMS 0x0000000091f00000| PB 0x0000000091f00000| Complete 
| 288|0x0000000092000000, 0x0000000092100000, 0x0000000092100000|100%| E|CS|TAMS 0x0000000092000000| PB 0x0000000092000000| Complete 
| 289|0x0000000092100000, 0x0000000092200000, 0x0000000092200000|100%| E|CS|TAMS 0x0000000092100000| PB 0x0000000092100000| Complete 
| 290|0x0000000092200000, 0x0000000092300000, 0x0000000092300000|100%| E|CS|TAMS 0x0000000092200000| PB 0x0000000092200000| Complete 
| 291|0x0000000092300000, 0x0000000092400000, 0x0000000092400000|100%| E|CS|TAMS 0x0000000092300000| PB 0x0000000092300000| Complete 
| 292|0x0000000092400000, 0x0000000092500000, 0x0000000092500000|100%| E|CS|TAMS 0x0000000092400000| PB 0x0000000092400000| Complete 
| 293|0x0000000092500000, 0x0000000092600000, 0x0000000092600000|100%| E|CS|TAMS 0x0000000092500000| PB 0x0000000092500000| Complete 
|2041|0x00000000ff900000, 0x00000000ffa00000, 0x00000000ffa00000|100%| O|  |TAMS 0x00000000ff900000| PB 0x00000000ff900000| Untracked 
|2042|0x00000000ffa00000, 0x00000000ffb00000, 0x00000000ffb00000|100%| O|  |TAMS 0x00000000ffa00000| PB 0x00000000ffa00000| Untracked 
|2043|0x00000000ffb00000, 0x00000000ffc00000, 0x00000000ffc00000|100%| E|CS|TAMS 0x00000000ffb00000| PB 0x00000000ffb00000| Complete 
|2044|0x00000000ffc00000, 0x00000000ffd00000, 0x00000000ffd00000|100%| O|  |TAMS 0x00000000ffc00000| PB 0x00000000ffc00000| Untracked 
|2045|0x00000000ffd00000, 0x00000000ffe00000, 0x00000000ffe00000|100%| O|  |TAMS 0x00000000ffd00000| PB 0x00000000ffd00000| Untracked 
|2046|0x00000000ffe00000, 0x00000000fff00000, 0x00000000fff00000|100%| E|CS|TAMS 0x00000000ffe00000| PB 0x00000000ffe00000| Complete 
|2047|0x00000000fff00000, 0x0000000100000000, 0x0000000100000000|100%| E|CS|TAMS 0x00000000fff00000| PB 0x00000000fff00000| Complete 

Card table byte_map: [0x0000022cf27b0000,0x0000022cf2bb0000] _byte_map_base: 0x0000022cf23b0000

Marking Bits: (CMBitMap*) 0x0000022cdfd715b0
 Bits: [0x0000022cf2bb0000, 0x0000022cf4bb0000)

Polling page: 0x0000022cddc80000

Metaspace:

Usage:
  Non-class:     64.61 MB used.
      Class:     10.35 MB used.
       Both:     74.96 MB used.

Virtual space:
  Non-class space:      128.00 MB reserved,      65.62 MB ( 51%) committed,  2 nodes.
      Class space:        1.00 GB reserved,      11.25 MB (  1%) committed,  1 nodes.
             Both:        1.12 GB reserved,      76.88 MB (  7%) committed. 

Chunk freelists:
   Non-Class:  14.11 MB
       Class:  4.57 MB
        Both:  18.68 MB

MaxMetaspaceSize: unlimited
CompressedClassSpaceSize: 1.00 GB
Initial GC threshold: 21.00 MB
Current GC threshold: 115.75 MB
CDS: off
 - commit_granule_bytes: 65536.
 - commit_granule_words: 8192.
 - virtual_space_node_default_size: 8388608.
 - enlarge_chunks_in_place: 1.
 - use_allocation_guard: 0.


Internal statistics:

num_allocs_failed_limit: 9.
num_arena_births: 3664.
num_arena_deaths: 4.
num_vsnodes_births: 3.
num_vsnodes_deaths: 0.
num_space_committed: 1230.
num_space_uncommitted: 0.
num_chunks_returned_to_freelist: 13.
num_chunks_taken_from_freelist: 6995.
num_chunk_merges: 9.
num_chunk_splits: 4499.
num_chunks_enlarged: 2761.
num_inconsistent_stats: 0.

CodeHeap 'non-profiled nmethods': size=120000Kb used=6025Kb max_used=6025Kb free=113974Kb
 bounds [0x0000022cea930000, 0x0000022ceaf20000, 0x0000022cf1e60000]
CodeHeap 'profiled nmethods': size=120000Kb used=18505Kb max_used=18505Kb free=101494Kb
 bounds [0x0000022ce2e60000, 0x0000022ce4080000, 0x0000022cea390000]
CodeHeap 'non-nmethods': size=5760Kb used=2029Kb max_used=2156Kb free=3730Kb
 bounds [0x0000022cea390000, 0x0000022cea600000, 0x0000022cea930000]
 total_blobs=10639 nmethods=9849 adapters=692
 compilation: enabled
              stopped_count=0, restarted_count=0
 full_count=0

Compilation events (20 events):
Event: 20.849 Thread 0x0000022cf797ee30 11229       3       org.apache.groovy.parser.antlr4.util.PositionConfigureUtils::configureAST (39 bytes)
Event: 20.849 Thread 0x0000022cf797ee30 nmethod 11229 0x0000022ce4063a10 code [0x0000022ce4063c40, 0x0000022ce40644f8]
Event: 20.849 Thread 0x0000022cf797ee30 11230       1       groovyjarjarantlr4.v4.runtime.tree.AbstractParseTreeVisitor::defaultResult (2 bytes)
Event: 20.849 Thread 0x0000022cf797ee30 nmethod 11230 0x0000022ceaf0bf10 code [0x0000022ceaf0c0a0, 0x0000022ceaf0c170]
Event: 20.849 Thread 0x0000022cf797ee30 11231       1       groovyjarjarantlr4.v4.runtime.tree.AbstractParseTreeVisitor::shouldVisitNextChild (2 bytes)
Event: 20.849 Thread 0x0000022cf797ee30 nmethod 11231 0x0000022ceaf0c210 code [0x0000022ceaf0c3a0, 0x0000022ceaf0c468]
Event: 20.849 Thread 0x0000022cf797ee30 11232       3       java.util.stream.Sink$ChainedInt::<init> (16 bytes)
Event: 20.850 Thread 0x0000022cf797ee30 nmethod 11232 0x0000022ce4064810 code [0x0000022ce40649e0, 0x0000022ce4064df8]
Event: 20.850 Thread 0x0000022cf797ee30 11233       3       java.util.stream.IntPipeline$StatelessOp::<init> (29 bytes)
Event: 20.850 Thread 0x0000022cf797ee30 nmethod 11233 0x0000022ce4064f90 code [0x0000022ce4065140, 0x0000022ce40652f8]
Event: 20.850 Thread 0x0000022cf797ee30 11234       3       java.util.stream.Sink$ChainedInt::end (10 bytes)
Event: 20.850 Thread 0x0000022cf797ee30 nmethod 11234 0x0000022ce4065410 code [0x0000022ce40655c0, 0x0000022ce4065790]
Event: 20.850 Thread 0x0000022cf797ee30 11235       3       java.lang.String::chars (43 bytes)
Event: 20.850 Thread 0x0000022cf797ee30 nmethod 11235 0x0000022ce4065890 code [0x0000022ce4065a80, 0x0000022ce4065e20]
Event: 20.850 Thread 0x0000022cf797ee30 11236       3       java.util.stream.IntPipeline::filter (22 bytes)
Event: 20.850 Thread 0x0000022cf797ee30 nmethod 11236 0x0000022ce4065f90 code [0x0000022ce4066180, 0x0000022ce4066648]
Event: 20.850 Thread 0x0000022cf797ee30 11237       3       java.util.stream.IntPipeline$10::<init> (15 bytes)
Event: 20.850 Thread 0x0000022cf797ee30 nmethod 11237 0x0000022ce4066890 code [0x0000022ce4066a60, 0x0000022ce4066ce0]
Event: 20.851 Thread 0x0000022cf797ee30 11238       3       java.util.stream.IntPipeline$10::opWrapSink (10 bytes)
Event: 21.854 Thread 0x0000022cf797ee30 nmethod 11238 0x0000022ce4066e10 code [0x0000022ce4067000, 0x0000022ce4067590]

GC Heap History (20 events):
Event: 9.178 GC heap before
{Heap before GC invocations=14 (full 0):
 garbage-first heap   total 97280K, used 95740K [0x0000000080000000, 0x0000000100000000)
  region size 1024K, 32 young (32768K), 2 survivors (2048K)
 Metaspace       used 57272K, committed 59008K, reserved 1114112K
  class space    used 7911K, committed 8768K, reserved 1048576K
}
Event: 9.186 GC heap after
{Heap after GC invocations=15 (full 0):
 garbage-first heap   total 151552K, used 71311K [0x0000000080000000, 0x0000000100000000)
  region size 1024K, 5 young (5120K), 5 survivors (5120K)
 Metaspace       used 57272K, committed 59008K, reserved 1114112K
  class space    used 7911K, committed 8768K, reserved 1048576K
}
Event: 15.718 GC heap before
{Heap before GC invocations=15 (full 0):
 garbage-first heap   total 151552K, used 132751K [0x0000000080000000, 0x0000000100000000)
  region size 1024K, 65 young (66560K), 5 survivors (5120K)
 Metaspace       used 63425K, committed 65344K, reserved 1114112K
  class space    used 8904K, committed 9856K, reserved 1048576K
}
Event: 15.723 GC heap after
{Heap after GC invocations=16 (full 0):
 garbage-first heap   total 151552K, used 75675K [0x0000000080000000, 0x0000000100000000)
  region size 1024K, 9 young (9216K), 9 survivors (9216K)
 Metaspace       used 63425K, committed 65344K, reserved 1114112K
  class space    used 8904K, committed 9856K, reserved 1048576K
}
Event: 16.811 GC heap before
{Heap before GC invocations=16 (full 0):
 garbage-first heap   total 151552K, used 131995K [0x0000000080000000, 0x0000000100000000)
  region size 1024K, 65 young (66560K), 9 survivors (9216K)
 Metaspace       used 65547K, committed 67456K, reserved 1114112K
  class space    used 9125K, committed 10048K, reserved 1048576K
}
Event: 16.819 GC heap after
{Heap after GC invocations=17 (full 0):
 garbage-first heap   total 151552K, used 81545K [0x0000000080000000, 0x0000000100000000)
  region size 1024K, 9 young (9216K), 9 survivors (9216K)
 Metaspace       used 65547K, committed 67456K, reserved 1114112K
  class space    used 9125K, committed 10048K, reserved 1048576K
}
Event: 17.237 GC heap before
{Heap before GC invocations=18 (full 0):
 garbage-first heap   total 151552K, used 132745K [0x0000000080000000, 0x0000000100000000)
  region size 1024K, 60 young (61440K), 9 survivors (9216K)
 Metaspace       used 66579K, committed 68416K, reserved 1114112K
  class space    used 9313K, committed 10240K, reserved 1048576K
}
Event: 17.250 GC heap after
{Heap after GC invocations=19 (full 0):
 garbage-first heap   total 151552K, used 90112K [0x0000000080000000, 0x0000000100000000)
  region size 1024K, 8 young (8192K), 8 survivors (8192K)
 Metaspace       used 66579K, committed 68416K, reserved 1114112K
  class space    used 9313K, committed 10240K, reserved 1048576K
}
Event: 17.428 GC heap before
{Heap before GC invocations=19 (full 0):
 garbage-first heap   total 151552K, used 134144K [0x0000000080000000, 0x0000000100000000)
  region size 1024K, 52 young (53248K), 8 survivors (8192K)
 Metaspace       used 67184K, committed 69120K, reserved 1114112K
  class space    used 9379K, committed 10304K, reserved 1048576K
}
Event: 17.439 GC heap after
{Heap after GC invocations=20 (full 0):
 garbage-first heap   total 153600K, used 98007K [0x0000000080000000, 0x0000000100000000)
  region size 1024K, 7 young (7168K), 7 survivors (7168K)
 Metaspace       used 67184K, committed 69120K, reserved 1114112K
  class space    used 9379K, committed 10304K, reserved 1048576K
}
Event: 17.519 GC heap before
{Heap before GC invocations=20 (full 0):
 garbage-first heap   total 153600K, used 124631K [0x0000000080000000, 0x0000000100000000)
  region size 1024K, 34 young (34816K), 7 survivors (7168K)
 Metaspace       used 67251K, committed 69184K, reserved 1114112K
  class space    used 9383K, committed 10304K, reserved 1048576K
}
Event: 17.527 GC heap after
{Heap after GC invocations=21 (full 0):
 garbage-first heap   total 153600K, used 102866K [0x0000000080000000, 0x0000000100000000)
  region size 1024K, 5 young (5120K), 5 survivors (5120K)
 Metaspace       used 67251K, committed 69184K, reserved 1114112K
  class space    used 9383K, committed 10304K, reserved 1048576K
}
Event: 17.668 GC heap before
{Heap before GC invocations=22 (full 0):
 garbage-first heap   total 193536K, used 137682K [0x0000000080000000, 0x0000000100000000)
  region size 1024K, 38 young (38912K), 5 survivors (5120K)
 Metaspace       used 67322K, committed 69184K, reserved 1114112K
  class space    used 9387K, committed 10304K, reserved 1048576K
}
Event: 17.677 GC heap after
{Heap after GC invocations=23 (full 0):
 garbage-first heap   total 193536K, used 110840K [0x0000000080000000, 0x0000000100000000)
  region size 1024K, 5 young (5120K), 5 survivors (5120K)
 Metaspace       used 67322K, committed 69184K, reserved 1114112K
  class space    used 9387K, committed 10304K, reserved 1048576K
}
Event: 17.851 GC heap before
{Heap before GC invocations=23 (full 0):
 garbage-first heap   total 193536K, used 166136K [0x0000000080000000, 0x0000000100000000)
  region size 1024K, 60 young (61440K), 5 survivors (5120K)
 Metaspace       used 67469K, committed 69312K, reserved 1114112K
  class space    used 9388K, committed 10304K, reserved 1048576K
}
Event: 17.863 GC heap after
{Heap after GC invocations=24 (full 0):
 garbage-first heap   total 308224K, used 120177K [0x0000000080000000, 0x0000000100000000)
  region size 1024K, 8 young (8192K), 8 survivors (8192K)
 Metaspace       used 67469K, committed 69312K, reserved 1114112K
  class space    used 9388K, committed 10304K, reserved 1048576K
}
Event: 18.627 GC heap before
{Heap before GC invocations=24 (full 0):
 garbage-first heap   total 308224K, used 254321K [0x0000000080000000, 0x0000000100000000)
  region size 1024K, 140 young (143360K), 8 survivors (8192K)
 Metaspace       used 67876K, committed 69760K, reserved 1114112K
  class space    used 9411K, committed 10368K, reserved 1048576K
}
Event: 18.636 GC heap after
{Heap after GC invocations=25 (full 0):
 garbage-first heap   total 308224K, used 126683K [0x0000000080000000, 0x0000000100000000)
  region size 1024K, 15 young (15360K), 15 survivors (15360K)
 Metaspace       used 67876K, committed 69760K, reserved 1114112K
  class space    used 9411K, committed 10368K, reserved 1048576K
}
Event: 19.415 GC heap before
{Heap before GC invocations=25 (full 0):
 garbage-first heap   total 308224K, used 259803K [0x0000000080000000, 0x0000000100000000)
  region size 1024K, 147 young (150528K), 15 survivors (15360K)
 Metaspace       used 69192K, committed 71104K, reserved 1114112K
  class space    used 9572K, committed 10496K, reserved 1048576K
}
Event: 19.424 GC heap after
{Heap after GC invocations=26 (full 0):
 garbage-first heap   total 308224K, used 129338K [0x0000000080000000, 0x0000000100000000)
  region size 1024K, 10 young (10240K), 10 survivors (10240K)
 Metaspace       used 69192K, committed 71104K, reserved 1114112K
  class space    used 9572K, committed 10496K, reserved 1048576K
}

Dll operation events (3 events):
Event: 0.015 Loaded shared library C:\Program Files\Android\Android Studio\jbr\bin\java.dll
Event: 0.023 Loaded shared library C:\Program Files\Android\Android Studio\jbr\bin\zip.dll
Event: 0.920 Loaded shared library C:\Program Files\Android\Android Studio\jbr\bin\verify.dll

Deoptimization events (20 events):
Event: 20.804 Thread 0x0000022cfda8fa20 Uncommon trap: trap_request=0xffffffbe fr.pc=0x0000022ceaefcef8 relative=0x0000000000001ed8
Event: 20.804 Thread 0x0000022cfda8fa20 Uncommon trap: reason=profile_predicate action=maybe_recompile pc=0x0000022ceaefcef8 method=groovyjarjarantlr4.v4.runtime.atn.PredictionContext.getCachedContext(Lgroovyjarjarantlr4/v4/runtime/atn/PredictionContext;Ljava/util/concurrent/ConcurrentMap;Lgroo
Event: 20.804 Thread 0x0000022cfda8fa20 DEOPT PACKING pc=0x0000022ceaefcef8 sp=0x000000bcc31f4420
Event: 20.804 Thread 0x0000022cfda8fa20 DEOPT UNPACKING pc=0x0000022cea3e46a2 sp=0x000000bcc31f43f0 mode 2
Event: 20.804 Thread 0x0000022cfda8fa20 Uncommon trap: trap_request=0xffffffbe fr.pc=0x0000022ceaefcef8 relative=0x0000000000001ed8
Event: 20.804 Thread 0x0000022cfda8fa20 Uncommon trap: reason=profile_predicate action=maybe_recompile pc=0x0000022ceaefcef8 method=groovyjarjarantlr4.v4.runtime.atn.PredictionContext.getCachedContext(Lgroovyjarjarantlr4/v4/runtime/atn/PredictionContext;Ljava/util/concurrent/ConcurrentMap;Lgroo
Event: 20.804 Thread 0x0000022cfda8fa20 DEOPT PACKING pc=0x0000022ceaefcef8 sp=0x000000bcc31f44e0
Event: 20.804 Thread 0x0000022cfda8fa20 DEOPT UNPACKING pc=0x0000022cea3e46a2 sp=0x000000bcc31f4498 mode 2
Event: 20.804 Thread 0x0000022cfda8fa20 Uncommon trap: trap_request=0xffffffbe fr.pc=0x0000022ceaefcef8 relative=0x0000000000001ed8
Event: 20.804 Thread 0x0000022cfda8fa20 Uncommon trap: reason=profile_predicate action=maybe_recompile pc=0x0000022ceaefcef8 method=groovyjarjarantlr4.v4.runtime.atn.PredictionContext.getCachedContext(Lgroovyjarjarantlr4/v4/runtime/atn/PredictionContext;Ljava/util/concurrent/ConcurrentMap;Lgroo
Event: 20.804 Thread 0x0000022cfda8fa20 DEOPT PACKING pc=0x0000022ceaefcef8 sp=0x000000bcc31f4420
Event: 20.804 Thread 0x0000022cfda8fa20 DEOPT UNPACKING pc=0x0000022cea3e46a2 sp=0x000000bcc31f43f0 mode 2
Event: 20.846 Thread 0x0000022cfda8fa20 Uncommon trap: trap_request=0xffffff45 fr.pc=0x0000022ceab0121c relative=0x000000000000029c
Event: 20.846 Thread 0x0000022cfda8fa20 Uncommon trap: reason=unstable_if action=reinterpret pc=0x0000022ceab0121c method=java.lang.String.replace(Ljava/lang/CharSequence;Ljava/lang/CharSequence;)Ljava/lang/String; @ 48 c2
Event: 20.846 Thread 0x0000022cfda8fa20 DEOPT PACKING pc=0x0000022ceab0121c sp=0x000000bcc31f3290
Event: 20.846 Thread 0x0000022cfda8fa20 DEOPT UNPACKING pc=0x0000022cea3e46a2 sp=0x000000bcc31f3200 mode 2
Event: 20.847 Thread 0x0000022cfda8fa20 Uncommon trap: trap_request=0xffffff6e fr.pc=0x0000022cea94c080 relative=0x0000000000000160
Event: 20.847 Thread 0x0000022cfda8fa20 Uncommon trap: reason=loop_limit_check action=maybe_recompile pc=0x0000022cea94c080 method=java.lang.StringLatin1.lastIndexOf([BII)I @ 19 c2
Event: 20.847 Thread 0x0000022cfda8fa20 DEOPT PACKING pc=0x0000022cea94c080 sp=0x000000bcc31f2130
Event: 20.847 Thread 0x0000022cfda8fa20 DEOPT UNPACKING pc=0x0000022cea3e46a2 sp=0x000000bcc31f20b0 mode 2

Classes loaded (20 events):
Event: 20.330 Loading class jdk/internal/vm/annotation/Stable
Event: 20.330 Loading class jdk/internal/vm/annotation/Stable done
Event: 20.346 Loading class java/lang/constant/MethodHandleDesc
Event: 20.347 Loading class java/lang/constant/MethodHandleDesc done
Event: 20.347 Loading class java/lang/constant/MethodTypeDesc
Event: 20.347 Loading class java/lang/constant/MethodTypeDesc done
Event: 20.354 Loading class java/util/stream/ReduceOps$5
Event: 20.354 Loading class java/util/stream/ReduceOps$5 done
Event: 20.354 Loading class java/util/stream/ReduceOps$CountingSink$OfRef
Event: 20.354 Loading class java/util/stream/ReduceOps$CountingSink$OfRef done
Event: 20.404 Loading class java/io/CharArrayWriter
Event: 20.404 Loading class java/io/CharArrayWriter done
Event: 20.498 Loading class java/lang/StackTraceElement$HashedModules
Event: 20.498 Loading class java/lang/StackTraceElement$HashedModules done
Event: 20.568 Loading class java/io/CharArrayReader
Event: 20.568 Loading class java/io/CharArrayReader done
Event: 20.636 Loading class java/beans/PropertyChangeListener
Event: 20.636 Loading class java/beans/PropertyChangeListener done
Event: 20.846 Loading class jdk/internal/math/FloatToDecimal
Event: 20.846 Loading class jdk/internal/math/FloatToDecimal done

Classes unloaded (2 events):
Event: 17.577 Thread 0x0000022cf78241b0 Unloading class 0x00000001009dc800 'java/lang/invoke/LambdaForm$DMH+0x00000001009dc800'
Event: 17.577 Thread 0x0000022cf78241b0 Unloading class 0x00000001009dc400 'java/lang/invoke/LambdaForm$DMH+0x00000001009dc400'

Classes redefined (0 events):
No events

Internal exceptions (20 events):
Event: 20.478 Thread 0x0000022cfda8fa20 Exception <a 'java/lang/ClassNotFoundException'{0x000000008eee6680}: org/gradle/api/internal/artifacts/repositories/DefaultMavenArtifactRepository_DecoratedBeanInfo> (0x000000008eee6680) 
thrown [s\src\hotspot\share\classfile\systemDictionary.cpp, line 312]
Event: 20.478 Thread 0x0000022cfda8fa20 Exception <a 'java/lang/ClassNotFoundException'{0x000000008ed0d6b0}: org/gradle/api/internal/artifacts/repositories/DefaultMavenArtifactRepositoryBeanInfo> (0x000000008ed0d6b0) 
thrown [s\src\hotspot\share\classfile\systemDictionary.cpp, line 312]
Event: 20.479 Thread 0x0000022cfda8fa20 Exception <a 'java/lang/ClassNotFoundException'{0x000000008ed35278}: org/gradle/api/internal/artifacts/repositories/AbstractAuthenticationSupportedRepositoryBeanInfo> (0x000000008ed35278) 
thrown [s\src\hotspot\share\classfile\systemDictionary.cpp, line 312]
Event: 20.480 Thread 0x0000022cfda8fa20 Exception <a 'java/lang/ClassNotFoundException'{0x000000008ed5cc88}: org/gradle/api/internal/artifacts/repositories/AbstractResolutionAwareArtifactRepositoryBeanInfo> (0x000000008ed5cc88) 
thrown [s\src\hotspot\share\classfile\systemDictionary.cpp, line 312]
Event: 20.480 Thread 0x0000022cfda8fa20 Exception <a 'java/lang/ClassNotFoundException'{0x000000008ed83970}: org/gradle/api/internal/artifacts/repositories/AbstractArtifactRepositoryBeanInfo> (0x000000008ed83970) 
thrown [s\src\hotspot\share\classfile\systemDictionary.cpp, line 312]
Event: 20.481 Thread 0x0000022cfda8fa20 Exception <a 'java/lang/ClassNotFoundException'{0x000000008edaa3b0}: org/gradle/api/internal/artifacts/repositories/AbstractArtifactRepositoryCustomizer> (0x000000008edaa3b0) 
thrown [s\src\hotspot\share\classfile\systemDictionary.cpp, line 312]
Event: 20.483 Thread 0x0000022cfda8fa20 Exception <a 'java/lang/ClassNotFoundException'{0x000000008edf5c78}: org/gradle/api/internal/artifacts/repositories/AbstractResolutionAwareArtifactRepositoryCustomizer> (0x000000008edf5c78) 
thrown [s\src\hotspot\share\classfile\systemDictionary.cpp, line 312]
Event: 20.484 Thread 0x0000022cfda8fa20 Exception <a 'java/lang/ClassNotFoundException'{0x000000008ec28f58}: org/gradle/api/internal/artifacts/repositories/AbstractAuthenticationSupportedRepositoryCustomizer> (0x000000008ec28f58) 
thrown [s\src\hotspot\share\classfile\systemDictionary.cpp, line 312]
Event: 20.485 Thread 0x0000022cfda8fa20 Exception <a 'java/lang/ClassNotFoundException'{0x000000008ec65f90}: org/gradle/api/internal/artifacts/repositories/DefaultMavenArtifactRepositoryCustomizer> (0x000000008ec65f90) 
thrown [s\src\hotspot\share\classfile\systemDictionary.cpp, line 312]
Event: 20.487 Thread 0x0000022cfda8fa20 Exception <a 'java/lang/ClassNotFoundException'{0x000000008eca72f8}: org/gradle/api/internal/artifacts/repositories/DefaultMavenArtifactRepository_DecoratedCustomizer> (0x000000008eca72f8) 
thrown [s\src\hotspot\share\classfile\systemDictionary.cpp, line 312]
Event: 20.714 Thread 0x0000022cfda8fa20 Exception <a 'java/lang/ClassNotFoundException'{0x000000008dfb9630}: org/gradle/api/tasks/Delete_DecoratedBeanInfo> (0x000000008dfb9630) 
thrown [s\src\hotspot\share\classfile\systemDictionary.cpp, line 312]
Event: 20.714 Thread 0x0000022cfda8fa20 Exception <a 'java/lang/ClassNotFoundException'{0x000000008dfcea30}: org/gradle/api/tasks/DeleteBeanInfo> (0x000000008dfcea30) 
thrown [s\src\hotspot\share\classfile\systemDictionary.cpp, line 312]
Event: 20.714 Thread 0x0000022cfda8fa20 Exception <a 'java/lang/ClassNotFoundException'{0x000000008dfe4238}: org/gradle/api/internal/ConventionTaskBeanInfo> (0x000000008dfe4238) 
thrown [s\src\hotspot\share\classfile\systemDictionary.cpp, line 312]
Event: 20.715 Thread 0x0000022cfda8fa20 Exception <a 'java/lang/ClassNotFoundException'{0x000000008dff95e8}: org/gradle/api/DefaultTaskBeanInfo> (0x000000008dff95e8) 
thrown [s\src\hotspot\share\classfile\systemDictionary.cpp, line 312]
Event: 20.715 Thread 0x0000022cfda8fa20 Exception <a 'java/lang/ClassNotFoundException'{0x000000008de0f2e0}: org/gradle/api/internal/AbstractTaskBeanInfo> (0x000000008de0f2e0) 
thrown [s\src\hotspot\share\classfile\systemDictionary.cpp, line 312]
Event: 20.716 Thread 0x0000022cfda8fa20 Exception <a 'java/lang/ClassNotFoundException'{0x000000008de24ac0}: org/gradle/api/internal/AbstractTaskCustomizer> (0x000000008de24ac0) 
thrown [s\src\hotspot\share\classfile\systemDictionary.cpp, line 312]
Event: 20.718 Thread 0x0000022cfda8fa20 Exception <a 'java/lang/ClassNotFoundException'{0x000000008de8dc58}: org/gradle/api/DefaultTaskCustomizer> (0x000000008de8dc58) 
thrown [s\src\hotspot\share\classfile\systemDictionary.cpp, line 312]
Event: 20.720 Thread 0x0000022cfda8fa20 Exception <a 'java/lang/ClassNotFoundException'{0x000000008dd004c8}: org/gradle/api/internal/ConventionTaskCustomizer> (0x000000008dd004c8) 
thrown [s\src\hotspot\share\classfile\systemDictionary.cpp, line 312]
Event: 20.721 Thread 0x0000022cfda8fa20 Exception <a 'java/lang/ClassNotFoundException'{0x000000008dd24e10}: org/gradle/api/tasks/DeleteCustomizer> (0x000000008dd24e10) 
thrown [s\src\hotspot\share\classfile\systemDictionary.cpp, line 312]
Event: 20.723 Thread 0x0000022cfda8fa20 Exception <a 'java/lang/ClassNotFoundException'{0x000000008dd4e848}: org/gradle/api/tasks/Delete_DecoratedCustomizer> (0x000000008dd4e848) 
thrown [s\src\hotspot\share\classfile\systemDictionary.cpp, line 312]

ZGC Phase Switch (0 events):
No events

VM Operations (20 events):
Event: 19.927 Executing VM operation: ICBufferFull done
Event: 20.131 Executing VM operation: ICBufferFull
Event: 20.131 Executing VM operation: ICBufferFull done
Event: 20.177 Executing VM operation: HandshakeAllThreads (Deoptimize)
Event: 20.177 Executing VM operation: HandshakeAllThreads (Deoptimize) done
Event: 20.199 Executing VM operation: HandshakeAllThreads (Deoptimize)
Event: 20.200 Executing VM operation: HandshakeAllThreads (Deoptimize) done
Event: 20.253 Executing VM operation: HandshakeAllThreads (Deoptimize)
Event: 20.253 Executing VM operation: HandshakeAllThreads (Deoptimize) done
Event: 20.298 Executing VM operation: HandshakeAllThreads (Deoptimize)
Event: 20.298 Executing VM operation: HandshakeAllThreads (Deoptimize) done
Event: 20.350 Executing VM operation: HandshakeAllThreads (Deoptimize)
Event: 20.350 Executing VM operation: HandshakeAllThreads (Deoptimize) done
Event: 20.444 Executing VM operation: ICBufferFull
Event: 20.444 Executing VM operation: ICBufferFull done
Event: 20.654 Executing VM operation: HandshakeAllThreads (Deoptimize)
Event: 20.654 Executing VM operation: HandshakeAllThreads (Deoptimize) done
Event: 20.727 Executing VM operation: ICBufferFull
Event: 20.727 Executing VM operation: ICBufferFull done
Event: 21.729 Executing VM operation: Cleanup

Events (20 events):
Event: 19.482 Thread 0x0000022cf78241b0 flushing nmethod 0x0000022ceabf8990
Event: 19.482 Thread 0x0000022cf78241b0 flushing nmethod 0x0000022ceabdc510
Event: 19.482 Thread 0x0000022cf78241b0 flushing nmethod 0x0000022ceab32d90
Event: 19.482 Thread 0x0000022cf78241b0 flushing nmethod 0x0000022ceaafd890
Event: 19.482 Thread 0x0000022cf78241b0 flushing nmethod 0x0000022ceab31290
Event: 19.482 Thread 0x0000022cf78241b0 flushing nmethod 0x0000022ceaa64510
Event: 19.482 Thread 0x0000022cf78241b0 flushing nmethod 0x0000022ceaa5dc10
Event: 19.482 Thread 0x0000022cf78241b0 flushing nmethod 0x0000022ceaa87910
Event: 19.482 Thread 0x0000022cf78241b0 flushing nmethod 0x0000022cea9fa690
Event: 19.482 Thread 0x0000022cf78241b0 flushing nmethod 0x0000022ceaa24210
Event: 19.482 Thread 0x0000022cf78241b0 flushing nmethod 0x0000022cea94ed90
Event: 19.482 Thread 0x0000022cf78241b0 flushing nmethod 0x0000022cea9f1810
Event: 19.482 Thread 0x0000022cf78241b0 flushing nmethod 0x0000022cea9edf90
Event: 19.482 Thread 0x0000022cf78241b0 flushing nmethod 0x0000022cea9ebd90
Event: 19.482 Thread 0x0000022cf78241b0 flushing nmethod 0x0000022cea98d710
Event: 19.725 Thread 0x0000022cf7a485f0 Thread exited: 0x0000022cf7a485f0
Event: 19.916 Thread 0x0000022cf7a4b5a0 Thread added: 0x0000022cf7a4b5a0
Event: 20.275 Thread 0x0000022cf7a4b5a0 Thread exited: 0x0000022cf7a4b5a0
Event: 20.607 Thread 0x0000022c82174f50 Thread added: 0x0000022c82174f50
Event: 20.719 Thread 0x0000022cf7a49390 Thread added: 0x0000022cf7a49390


Dynamic libraries:
0x00007ff70dff0000 - 0x00007ff70dffa000 	C:\Program Files\Android\Android Studio\jbr\bin\java.exe
0x00007ff823e60000 - 0x00007ff8240c7000 	C:\WINDOWS\SYSTEM32\ntdll.dll
0x00007ff822210000 - 0x00007ff8222d9000 	C:\WINDOWS\System32\KERNEL32.DLL
0x00007ff821300000 - 0x00007ff8216f4000 	C:\WINDOWS\System32\KERNELBASE.dll
0x00007ff821900000 - 0x00007ff821a4b000 	C:\WINDOWS\System32\ucrtbase.dll
0x00007ff81d3a0000 - 0x00007ff81d3b8000 	C:\Program Files\Android\Android Studio\jbr\bin\jli.dll
0x00007ff80f650000 - 0x00007ff80f66b000 	C:\Program Files\Android\Android Studio\jbr\bin\VCRUNTIME140.dll
0x00007ff823b90000 - 0x00007ff823d55000 	C:\WINDOWS\System32\USER32.dll
0x00007ff807f30000 - 0x00007ff8081c3000 	C:\WINDOWS\WinSxS\amd64_microsoft.windows.common-controls_6595b64144ccf1df_6.0.26100.8115_none_3e075c82e3354f9c\COMCTL32.dll
0x00007ff821bc0000 - 0x00007ff821be7000 	C:\WINDOWS\System32\win32u.dll
0x00007ff822960000 - 0x00007ff822a09000 	C:\WINDOWS\System32\msvcrt.dll
0x00007ff822930000 - 0x00007ff82295b000 	C:\WINDOWS\System32\GDI32.dll
0x00007ff8207e0000 - 0x00007ff82090b000 	C:\WINDOWS\System32\gdi32full.dll
0x00007ff821a50000 - 0x00007ff821af3000 	C:\WINDOWS\System32\msvcp_win.dll
0x00007ff821bf0000 - 0x00007ff821c22000 	C:\WINDOWS\System32\IMM32.DLL
0x00007ff810830000 - 0x00007ff81083c000 	C:\Program Files\Android\Android Studio\jbr\bin\vcruntime140_1.dll
0x00007fffdcc40000 - 0x00007fffdcccd000 	C:\Program Files\Android\Android Studio\jbr\bin\msvcp140.dll
0x00007fff768e0000 - 0x00007fff7755d000 	C:\Program Files\Android\Android Studio\jbr\bin\server\jvm.dll
0x00007ff823d60000 - 0x00007ff823e16000 	C:\WINDOWS\System32\ADVAPI32.dll
0x00007ff821d10000 - 0x00007ff821db7000 	C:\WINDOWS\System32\sechost.dll
0x00007ff8231b0000 - 0x00007ff8232c8000 	C:\WINDOWS\System32\RPCRT4.dll
0x00007ff822180000 - 0x00007ff822200000 	C:\WINDOWS\System32\WS2_32.dll
0x00007ff820590000 - 0x00007ff8205ee000 	C:\WINDOWS\SYSTEM32\POWRPROF.dll
0x00007ff817130000 - 0x00007ff817166000 	C:\WINDOWS\SYSTEM32\WINMM.dll
0x00007ff80cd80000 - 0x00007ff80cd8b000 	C:\WINDOWS\SYSTEM32\VERSION.dll
0x00007ff820570000 - 0x00007ff820584000 	C:\WINDOWS\SYSTEM32\UMPDC.dll
0x00007ff81f490000 - 0x00007ff81f4ab000 	C:\WINDOWS\SYSTEM32\kernel.appcore.dll
0x00007ff80dca0000 - 0x00007ff80dcaa000 	C:\Program Files\Android\Android Studio\jbr\bin\jimage.dll
0x00007ff81e0a0000 - 0x00007ff81e2e2000 	C:\WINDOWS\SYSTEM32\DBGHELP.DLL
0x00007ff8224f0000 - 0x00007ff822872000 	C:\WINDOWS\System32\combase.dll
0x00007ff821c30000 - 0x00007ff821d08000 	C:\WINDOWS\System32\OLEAUT32.dll
0x00007ff802010000 - 0x00007ff80204b000 	C:\WINDOWS\SYSTEM32\dbgcore.DLL
0x00007ff820730000 - 0x00007ff8207d5000 	C:\WINDOWS\System32\bcryptPrimitives.dll
0x00007ff81d260000 - 0x00007ff81d26e000 	C:\Program Files\Android\Android Studio\jbr\bin\instrument.dll
0x00007ff80dc80000 - 0x00007ff80dc9f000 	C:\Program Files\Android\Android Studio\jbr\bin\java.dll
0x00007ff808790000 - 0x00007ff8087a8000 	C:\Program Files\Android\Android Studio\jbr\bin\zip.dll
0x00007ff8233d0000 - 0x00007ff823b37000 	C:\WINDOWS\System32\SHELL32.dll
0x00007ff821700000 - 0x00007ff82186a000 	C:\WINDOWS\System32\wintypes.dll
0x00007ff820910000 - 0x00007ff821178000 	C:\WINDOWS\System32\windows.storage.dll
0x00007ff822070000 - 0x00007ff822168000 	C:\WINDOWS\System32\SHCORE.dll
0x00007ff8228b0000 - 0x00007ff822916000 	C:\WINDOWS\System32\shlwapi.dll
0x00007ff820650000 - 0x00007ff820679000 	C:\WINDOWS\SYSTEM32\profapi.dll
0x00007ff808960000 - 0x00007ff808970000 	C:\Program Files\Android\Android Studio\jbr\bin\net.dll
0x00007ff81a680000 - 0x00007ff81a7ad000 	C:\WINDOWS\SYSTEM32\WINHTTP.dll
0x00007ff81fa10000 - 0x00007ff81fa7c000 	C:\WINDOWS\system32\mswsock.dll
0x00007ff8071d0000 - 0x00007ff8071e6000 	C:\Program Files\Android\Android Studio\jbr\bin\nio.dll
0x00007fffdd4e0000 - 0x00007fffdd4f0000 	C:\Program Files\Android\Android Studio\jbr\bin\verify.dll
0x00007ff8089c0000 - 0x00007ff8089e7000 	C:\Users\vinay\.gradle\native\1def1411415f61bf3af743bc5b6707747c0891f09f0c88961ee8f79bc544acac\windows-amd64\native-platform.dll
0x00007fffbe3f0000 - 0x00007fffbe467000 	C:\Users\vinay\.gradle\native\0.2.8\x86_64-windows-gnu\gradle-fileevents.dll
0x00007ff807190000 - 0x00007ff807199000 	C:\Program Files\Android\Android Studio\jbr\bin\management.dll
0x00007ff803f00000 - 0x00007ff803f0b000 	C:\Program Files\Android\Android Studio\jbr\bin\management_ext.dll
0x00007ff822880000 - 0x00007ff822888000 	C:\WINDOWS\System32\PSAPI.DLL
0x00007ff81ee70000 - 0x00007ff81eea2000 	C:\WINDOWS\SYSTEM32\IPHLPAPI.DLL
0x00007ff822f20000 - 0x00007ff822f2a000 	C:\WINDOWS\System32\NSI.dll
0x00007ff808840000 - 0x00007ff808849000 	C:\Program Files\Android\Android Studio\jbr\bin\extnet.dll
0x00007ff81fcf0000 - 0x00007ff81fd0b000 	C:\WINDOWS\SYSTEM32\CRYPTSP.dll
0x00007ff81f3f0000 - 0x00007ff81f429000 	C:\WINDOWS\system32\rsaenh.dll
0x00007ff81fac0000 - 0x00007ff81faf3000 	C:\WINDOWS\SYSTEM32\USERENV.dll
0x00007ff820620000 - 0x00007ff82064a000 	C:\WINDOWS\SYSTEM32\bcrypt.dll
0x00007ff81fd30000 - 0x00007ff81fd3c000 	C:\WINDOWS\SYSTEM32\CRYPTBASE.dll
0x00007fffed110000 - 0x00007fffed118000 	C:\WINDOWS\system32\wshunix.dll

dbghelp: loaded successfully - version: 4.0.5 - missing functions: none
symbol engine: initialized successfully - sym options: 0x614 - pdb path: .;C:\Program Files\Android\Android Studio\jbr\bin;C:\WINDOWS\SYSTEM32;C:\WINDOWS\WinSxS\amd64_microsoft.windows.common-controls_6595b64144ccf1df_6.0.26100.8115_none_3e075c82e3354f9c;C:\Program Files\Android\Android Studio\jbr\bin\server;C:\Users\vinay\.gradle\native\1def1411415f61bf3af743bc5b6707747c0891f09f0c88961ee8f79bc544acac\windows-amd64;C:\Users\vinay\.gradle\native\0.2.8\x86_64-windows-gnu

VM Arguments:
jvm_args: --add-opens=java.base/java.lang=ALL-UNNAMED --add-opens=java.base/java.lang.invoke=ALL-UNNAMED --add-opens=java.base/java.util=ALL-UNNAMED --add-opens=java.prefs/java.util.prefs=ALL-UNNAMED --add-exports=jdk.compiler/com.sun.tools.javac.api=ALL-UNNAMED --add-exports=jdk.compiler/com.sun.tools.javac.util=ALL-UNNAMED --add-opens=java.base/java.util=ALL-UNNAMED --add-opens=java.prefs/java.util.prefs=ALL-UNNAMED --add-opens=java.base/java.nio.charset=ALL-UNNAMED --add-opens=java.base/java.net=ALL-UNNAMED --add-opens=java.base/java.util.concurrent=ALL-UNNAMED --add-opens=java.base/java.util.concurrent.atomic=ALL-UNNAMED --add-opens=java.xml/javax.xml.namespace=ALL-UNNAMED --add-opens=java.base/java.time=ALL-UNNAMED -Xmx2048m -Dfile.encoding=UTF-8 -Duser.country=IN -Duser.language=en -Duser.variant -javaagent:C:\Users\vinay\.gradle\wrapper\dists\gradle-9.1.0-bin\9agqghryom9wkf8r80qlhnts3\gradle-9.1.0\lib\agents\gradle-instrumentation-agent-9.1.0.jar 
java_command: org.gradle.launcher.daemon.bootstrap.GradleDaemon 9.1.0
java_class_path (initial): C:\Users\vinay\.gradle\wrapper\dists\gradle-9.1.0-bin\9agqghryom9wkf8r80qlhnts3\gradle-9.1.0\lib\gradle-daemon-main-9.1.0.jar
Launcher Type: SUN_STANDARD

[Global flags]
     intx CICompilerCount                          = 4                                         {product} {ergonomic}
     uint ConcGCThreads                            = 3                                         {product} {ergonomic}
     uint G1ConcRefinementThreads                  = 10                                        {product} {ergonomic}
   size_t G1HeapRegionSize                         = 1048576                                   {product} {ergonomic}
    uintx GCDrainStackTargetSize                   = 64                                        {product} {ergonomic}
   size_t InitialHeapSize                          = 264241152                                 {product} {ergonomic}
   size_t MarkStackSize                            = 4194304                                   {product} {ergonomic}
   size_t MaxHeapSize                              = 2147483648                                {product} {command line}
   size_t MaxNewSize                               = 1287651328                                {product} {ergonomic}
   size_t MinHeapDeltaBytes                        = 1048576                                   {product} {ergonomic}
   size_t MinHeapSize                              = 8388608                                   {product} {ergonomic}
    uintx NonNMethodCodeHeapSize                   = 5839372                                {pd product} {ergonomic}
    uintx NonProfiledCodeHeapSize                  = 122909434                              {pd product} {ergonomic}
    uintx ProfiledCodeHeapSize                     = 122909434                              {pd product} {ergonomic}
    uintx ReservedCodeCacheSize                    = 251658240                              {pd product} {ergonomic}
     bool SegmentedCodeCache                       = true                                      {product} {ergonomic}
   size_t SoftMaxHeapSize                          = 2147483648                             {manageable} {ergonomic}
     bool UseCompressedOops                        = true                           {product lp64_product} {ergonomic}
     bool UseG1GC                                  = true                                      {product} {ergonomic}
     bool UseLargePagesIndividualAllocation        = false                                  {pd product} {ergonomic}

Logging:
Log output configuration:
 #0: stdout all=warning uptime,level,tags foldmultilines=false
 #1: stderr all=off uptime,level,tags foldmultilines=false

Environment Variables:
JAVA_HOME=C:\Program Files\Microsoft\jdk-11.0.29.7-hotspot\
PATH=C:\Program Files\Microsoft\jdk-11.0.29.7-hotspot\bin;C:\Program Files (x86)\VMware\VMware Workstation\bin\;C:\Program Files (x86)\Common Files\Oracle\Java\java8path;C:\Program Files (x86)\Common Files\Oracle\Java\javapath;C:\app\vinay\product\21c\dbhomeXE\bin;C:\Python312\Scripts\;C:\Python312\;C:\WINDOWS\system32;C:\WINDOWS;C:\WINDOWS\System32\Wbem;C:\WINDOWS\System32\WindowsPowerShell\v1.0\;C:\WINDOWS\System32\OpenSSH\;C:\ProgramData\chocolatey\bin;C:\Program Files\nodejs\;C:\Program Files\Git\cmd;C:\Users\vinay\AppData\Roaming\Microsoft\Windows\Start Menu\Programs\Nmap;C:\Users\vinay\Desktop\CDAC\test1;C:\Program Files (x86)\cloudflared\;C:\Users\vinay\AppData\Roaming\npm;C:\flutter\bin;C:\Program Files (x86)\Nmap;C:\Users\vinay\AppData\Local\Microsoft\WindowsApps;C:\Users\vinay\AppData\Local\Programs\Ollama;C:\Users\vinay\AppData\Local\Microsoft\WinGet\Packages\Ngrok.Ngrok_Microsoft.Winget.Source_8wekyb3d8bbwe;C:\Users\vinay\AppData\Local\GitHubDesktop\bin;C:\Users\vinay\AppData\Local\Programs\Microsoft VS Code\bin;C:\Users\vinay\AppData\Local\Programs\Antigravity\bin
USERNAME=vinay
OS=Windows_NT
PROCESSOR_IDENTIFIER=Intel64 Family 6 Model 154 Stepping 3, GenuineIntel
TMP=C:\Users\vinay\AppData\Local\Temp
TEMP=C:\Users\vinay\AppData\Local\Temp




Periodic native trim disabled

JNI global refs:
JNI global refs: 29, weak refs: 1

JNI global refs memory usage: 835, weak refs: 833

Process memory usage:
Resident Set Size: 539144K (3% of 16494456K total physical memory with 1464240K free physical memory)

OOME stack traces (most recent first):
Classloader memory used:
Loader org.gradle.internal.classloader.VisitableURLClassLoader                         : 40679K
Loader bootstrap                                                                       : 23025K
Loader org.gradle.initialization.MixInLegacyTypesClassLoader                           : 10546K
Loader org.gradle.internal.classloader.VisitableURLClassLoader                         : 794K
Loader org.gradle.internal.classloader.VisitableURLClassLoader$InstrumentingVisitableURLClassLoader: 699K
Loader jdk.internal.loader.ClassLoaders$PlatformClassLoader                            : 418K
Loader jdk.internal.loader.ClassLoaders$AppClassLoader                                 : 230K
Loader jdk.internal.reflect.DelegatingClassLoader                                      : 201K
Loader org.gradle.groovy.scripts.internal.DefaultScriptCompilationHandler$ScriptClassLoader: 146K
Loader groovy.lang.GroovyClassLoader$InnerLoader                                       : 17648B

Classes loaded by more than one classloader:
Class org.gradle.api.GradleException                                                  : loaded 3 times (x 79B)
Class org.gradle.internal.classloader.ClassLoaderHierarchy                            : loaded 2 times (x 67B)
Class org.gradle.api.internal.classpath.ManifestUtil                                  : loaded 2 times (x 68B)
Class org.jetbrains.plugins.gradle.model.GradleExtensions                             : loaded 2 times (x 67B)
Class org.jetbrains.plugins.gradle.model.AnnotationProcessingModel                    : loaded 2 times (x 67B)
Class org.gradle.internal.operations.MultipleBuildOperationFailures                   : loaded 2 times (x 92B)
Class org.jetbrains.kotlin.idea.gradleTooling.model.noarg.NoArgModel                  : loaded 2 times (x 67B)
Class org.gradle.internal.classloader.DefaultClassLoaderFactory                       : loaded 2 times (x 79B)
Class kotlin.collections.AbstractList$Companion                                       : loaded 2 times (x 68B)
Class org.gradle.internal.classloader.ClassLoaderVisitor                              : loaded 2 times (x 73B)
Class org.gradle.api.internal.classpath.EffectiveClassPath                            : loaded 2 times (x 87B)
Class org.gradle.tooling.internal.gradle.DefaultProjectIdentifier                     : loaded 2 times (x 83B)
Class org.jetbrains.kotlin.idea.gradleTooling.model.allopen.AllOpenModel              : loaded 2 times (x 67B)
Class org.gradle.api.internal.DefaultClassPathProvider                                : loaded 2 times (x 73B)
Class [Lorg.gradle.api.internal.ClassPathProvider;                                    : loaded 2 times (x 66B)
Class org.gradle.api.internal.ClassPathProvider                                       : loaded 2 times (x 67B)
Class org.gradle.internal.service.UnknownServiceException                             : loaded 2 times (x 80B)
Class org.jetbrains.kotlin.idea.gradleTooling.KotlinDslScriptAdditionalTask           : loaded 2 times (x 67B)
Class ijInit1_7azjhixggdyiec53irkastxrh                                               : loaded 2 times (x 168B)
Class org.gradle.internal.classpath.TransformedClassPath                              : loaded 2 times (x 93B)
Class org.gradle.internal.classloader.InstrumentingClassLoader                        : loaded 2 times (x 67B)
Class kotlin.enums.EnumEntriesList                                                    : loaded 2 times (x 220B)
Class org.jetbrains.plugins.gradle.model.IntelliJSettings                             : loaded 2 times (x 67B)
Class org.jetbrains.kotlin.idea.gradleTooling.KotlinSourceSetContainer                : loaded 2 times (x 67B)
Class org.gradle.internal.service.ServiceLocator                                      : loaded 2 times (x 67B)
Class org.jetbrains.kotlin.android.synthetic.idea.AndroidExtensionsGradleModel        : loaded 2 times (x 67B)
Class org.gradle.tooling.model.UnsupportedMethodException                             : loaded 2 times (x 79B)
Class org.gradle.internal.InternalTransformer                                         : loaded 2 times (x 67B)
Class org.gradle.internal.time.DefaultTimer                                           : loaded 2 times (x 77B)
Class org.gradle.internal.classloader.ClasspathUtil$1                                 : loaded 2 times (x 73B)
Class org.gradle.api.internal.classpath.DefaultModuleRegistry$DefaultModule           : loaded 2 times (x 83B)
Class org.jetbrains.kotlin.idea.gradleTooling.model.lombok.LombokModel                : loaded 2 times (x 67B)
Class org.gradle.internal.time.DefaultCountdownTimer                                  : loaded 2 times (x 85B)
Class org.gradle.tooling.internal.gradle.DefaultBuildIdentifier                       : loaded 2 times (x 76B)
Class kotlin.Function                                                                 : loaded 2 times (x 67B)
Class org.gradle.api.internal.classpath.Module                                        : loaded 2 times (x 67B)
Class org.gradle.api.internal.classpath.UnknownModuleException                        : loaded 2 times (x 79B)
Class build_1m94q7duuk5coiejy2j3pwiqq$_run_closure1                                   : loaded 2 times (x 136B)
Class com.intellij.openapi.externalSystem.model.project.dependencies.ProjectDependencies: loaded 2 times (x 67B)
Class ijInit1_7azjhixggdyiec53irkastxrh$_run_closure1                                 : loaded 2 times (x 137B)
Class org.gradle.tooling.internal.gradle.GradleProjectIdentity                        : loaded 2 times (x 67B)
Class org.gradle.api.internal.DefaultClassPathRegistry                                : loaded 2 times (x 73B)
Class sync_studio_tooling1_86dgod8lve5y64ag8krxptxvx$_run_closure1                    : loaded 2 times (x 136B)
Class org.gradle.api.internal.ClassPathRegistry                                       : loaded 2 times (x 67B)
Class org.gradle.internal.classpath.DefaultClassPath$ImmutableUniqueList              : loaded 2 times (x 196B)
Class org.gradle.internal.classpath.ClassPath                                         : loaded 2 times (x 67B)
Class org.jetbrains.kotlin.idea.gradleTooling.KotlinGradleModel                       : loaded 2 times (x 67B)
Class org.gradle.tooling.model.Model                                                  : loaded 2 times (x 67B)
Class kotlin.UninitializedPropertyAccessException                                     : loaded 2 times (x 79B)
Class org.jetbrains.plugins.gradle.model.IntelliJProjectSettings                      : loaded 2 times (x 67B)
Class org.jetbrains.kotlin.idea.gradleTooling.model.annotation.AnnotationBasedPluginModel: loaded 2 times (x 67B)
Class sync_studio_tooling1_86dgod8lve5y64ag8krxptxvx                                  : loaded 2 times (x 168B)
Class build_1m94q7duuk5coiejy2j3pwiqq$_run_closure1$_closure3                         : loaded 2 times (x 136B)
Class org.gradle.internal.installation.GradleInstallation$1                           : loaded 2 times (x 72B)
Class org.gradle.api.internal.classpath.ModuleRegistry                                : loaded 2 times (x 67B)
Class org.jetbrains.plugins.gradle.model.VersionCatalogsModel                         : loaded 2 times (x 67B)
Class org.gradle.api.internal.classpath.DefaultModuleRegistry                         : loaded 2 times (x 83B)
Class org.gradle.internal.time.MonotonicClock                                         : loaded 2 times (x 74B)
Class org.gradle.internal.service.ServiceLookupException                              : loaded 2 times (x 79B)
Class org.gradle.internal.classloader.ClassLoaderFactory                              : loaded 2 times (x 67B)
Class org.gradle.internal.service.CachingServiceLocator                               : loaded 2 times (x 79B)
Class org.jetbrains.plugins.gradle.model.RepositoryModels                             : loaded 2 times (x 67B)
Class org.gradle.internal.time.TimeSource                                             : loaded 2 times (x 67B)
Class org.gradle.tooling.internal.gradle.GradleBuildIdentity                          : loaded 2 times (x 67B)
Class kotlin.enums.EnumEntries                                                        : loaded 2 times (x 67B)
Class org.gradle.internal.exceptions.ResolutionProvider                               : loaded 2 times (x 67B)
Class org.gradle.tooling.model.ProjectIdentifier                                      : loaded 2 times (x 67B)
Class org.gradle.internal.classloader.ClasspathUtil                                   : loaded 2 times (x 68B)
Class org.gradle.internal.time.TimeSource$1                                           : loaded 2 times (x 74B)
Class kotlin.jvm.internal.DefaultConstructorMarker                                    : loaded 2 times (x 68B)
Class org.gradle.api.specs.Spec                                                       : loaded 2 times (x 67B)
Class org.gradle.internal.time.Clock                                                  : loaded 2 times (x 67B)
Class build_1m94q7duuk5coiejy2j3pwiqq                                                 : loaded 2 times (x 169B)
Class org.jetbrains.plugins.gradle.model.jar.JarTaskManifestConfiguration             : loaded 2 times (x 67B)
Class kotlin.collections.AbstractList                                                 : loaded 2 times (x 194B)
Class kotlin.collections.AbstractCollection                                           : loaded 2 times (x 114B)
Class org.gradle.internal.classloader.VisitableURLClassLoader$InstrumentingVisitableURLClassLoader: loaded 2 times (x 120B)
Class org.gradle.internal.classloader.VisitableURLClassLoader$Spec                    : loaded 2 times (x 71B)
Class org.gradle.internal.classpath.DefaultClassPath                                  : loaded 2 times (x 87B)
Class org.gradle.internal.classloader.ClassLoaderSpec                                 : loaded 2 times (x 68B)
Class org.gradle.internal.classloader.VisitableURLClassLoader                         : loaded 2 times (x 114B)
Class org.gradle.internal.Cast                                                        : loaded 2 times (x 68B)
Class org.gradle.api.Action                                                           : loaded 2 times (x 67B)
Class kotlin.jvm.functions.Function1                                                  : loaded 2 times (x 67B)
Class org.gradle.internal.classpath.DefaultClassPath$ImmutableUniqueList$Builder      : loaded 2 times (x 72B)
Class org.jetbrains.kotlin.idea.gradleTooling.model.samWithReceiver.SamWithReceiverModel: loaded 2 times (x 67B)
Class org.gradle.internal.classloader.FilteringClassLoader                            : loaded 2 times (x 102B)
Class org.gradle.internal.exceptions.NonGradleCauseExceptionsHolder                   : loaded 2 times (x 67B)
Class org.jetbrains.kotlin.idea.gradleTooling.model.assignment.AssignmentModel        : loaded 2 times (x 67B)
Class kotlin.enums.EnumEntriesKt                                                      : loaded 2 times (x 68B)
Class org.gradle.internal.IoActions                                                   : loaded 2 times (x 68B)
Class org.gradle.internal.classloader.SystemClassLoaderSpec                           : loaded 2 times (x 68B)
Class org.gradle.internal.exceptions.MultiCauseException                              : loaded 2 times (x 67B)
Class org.gradle.internal.time.CountdownTimer                                         : loaded 2 times (x 67B)
Class kotlin.jvm.internal.Intrinsics                                                  : loaded 2 times (x 68B)
Class org.jetbrains.kotlin.idea.gradleTooling.model.parcelize.ParcelizeGradleModel    : loaded 2 times (x 67B)
Class org.gradle.tooling.model.ProjectModel                                           : loaded 2 times (x 67B)
Class kotlin.KotlinNullPointerException                                               : loaded 2 times (x 80B)
Class org.jetbrains.plugins.gradle.model.tests.ExternalTestsModel                     : loaded 2 times (x 67B)
Class org.gradle.internal.exceptions.DefaultMultiCauseException                       : loaded 2 times (x 92B)
Class org.gradle.internal.time.Time                                                   : loaded 2 times (x 68B)
Class org.jetbrains.plugins.gradle.model.DependencyAccessorsModel                     : loaded 2 times (x 67B)
Class org.gradle.api.internal.classpath.GlobalCacheRootsProvider                      : loaded 2 times (x 67B)
Class org.jetbrains.kotlin.idea.gradleTooling.KotlinMPPGradleModel                    : loaded 2 times (x 67B)
Class org.gradle.tooling.model.BuildIdentifier                                        : loaded 2 times (x 67B)
Class org.jetbrains.kotlin.idea.gradleTooling.PrepareKotlinIdeImportTaskModel         : loaded 2 times (x 67B)
Class org.gradle.internal.time.Timer                                                  : loaded 2 times (x 67B)
Class kotlin.jvm.internal.markers.KMappedMarker                                       : loaded 2 times (x 67B)
Class org.gradle.internal.installation.CurrentGradleInstallationLocator               : loaded 2 times (x 68B)
Class org.gradle.internal.service.DefaultServiceLocator                               : loaded 2 times (x 80B)
Class org.gradle.util.GradleVersion                                                   : loaded 2 times (x 80B)
Class org.gradle.internal.installation.CurrentGradleInstallation                      : loaded 2 times (x 70B)
Class org.gradle.util.internal.GUtil                                                  : loaded 2 times (x 68B)
Class org.gradle.internal.installation.GradleInstallation                             : loaded 2 times (x 72B)

---------------  S Y S T E M  ---------------

OS:
 Windows 11 , 64 bit Build 26100 (10.0.26100.8246)
OS uptime: 3 days 12:55 hours
Hyper-V role detected

CPU: total 12 (initial active 12) (6 cores per cpu, 2 threads per core) family 6 model 154 stepping 3 microcode 0x434, cx8, cmov, fxsr, ht, mmx, 3dnowpref, sse, sse2, sse3, ssse3, sse4.1, sse4.2, popcnt, lzcnt, tsc, tscinvbit, avx, avx2, aes, erms, clmul, bmi1, bmi2, adx, sha, fma, vzeroupper, clflush, clflushopt, clwb, hv, serialize, rdtscp, rdpid, fsrm, f16c, cet_ibt, cet_ss
Processor Information for processor 0
  Max Mhz: 2000, Current Mhz: 2000, Mhz Limit: 2000
Processor Information for processor 1
  Max Mhz: 2000, Current Mhz: 2000, Mhz Limit: 2000
Processor Information for processor 2
  Max Mhz: 2000, Current Mhz: 2000, Mhz Limit: 2000
Processor Information for processor 3
  Max Mhz: 2000, Current Mhz: 2000, Mhz Limit: 2000
Processor Information for processor 4
  Max Mhz: 2000, Current Mhz: 2000, Mhz Limit: 2000
Processor Information for processor 5
  Max Mhz: 2000, Current Mhz: 2000, Mhz Limit: 2000
Processor Information for processor 6
  Max Mhz: 2000, Current Mhz: 2000, Mhz Limit: 2000
Processor Information for processor 7
  Max Mhz: 2000, Current Mhz: 2000, Mhz Limit: 2000
Processor Information for processor 8
  Max Mhz: 2000, Current Mhz: 1200, Mhz Limit: 1500
Processor Information for processor 9
  Max Mhz: 2000, Current Mhz: 1500, Mhz Limit: 1500
Processor Information for processor 10
  Max Mhz: 2000, Current Mhz: 1500, Mhz Limit: 1500
Processor Information for processor 11
  Max Mhz: 2000, Current Mhz: 1200, Mhz Limit: 1500

Memory: 4k page, system-wide physical 16107M (1430M free)
TotalPageFile size 24299M (AvailPageFile size 41M)
current process WorkingSet (physical memory assigned to process): 527M, peak: 572M
current process commit charge ("private bytes"): 571M, peak: 613M

vm_info: OpenJDK 64-Bit Server VM (21.0.3+-12282718-b509.11) for windows-amd64 JRE (21.0.3+-12282718-b509.11), built on 2024-08-27T17:34:15Z by "builder" with MS VC++ 16.10 / 16.11 (VS2019)

END.
